계층구조(2레벨),계층구조(3레벨),제품코드,식품유형,구분,제품명,소비기한,생산실적(2022),생산실적(2023),생산실적(2024),주요거래처,제조방법,한도견본,원재료명 및 함량,원산지,제품특징,성상,사내규격(COA),법적규격,기타사항,포장재질,용도
FG0001 : 포도당,포도당 분말,GID1110G,포도당,식품용,정제포도당(1-A)/20KG/지대,2년,"5,595,940.00","6,252,000.00","5,430,000.00","(주)선일상사, 현진그린밀㈜, 정우통상㈜",액상포도당→ 냉각결정 → 분무건조 → 숙성 → 사별1 → 자석분리기 → 저장 → 사별2 → 자석분리기 → 지대포장 → 금속검출기 → 출하,https://raw.githubusercontent.com/k-jihee/images/main/GID1110(%EC%A0%95%EC%A0%9C%ED%8F%AC%EB%8F%84%EB%8B%B9).jpg,옥수수전분 100%,"옥수수 : 외국산(미국, 브라질, 우크라이나 등)","- 감미도 : 설탕의 70%의 단맛
- 상쾌하고 부드러운 청량감 및 감미질 
- 높은 삼투압 및 침투압
- 소화흡수성이 양호(에너지원)
- 뇌 활동에 필수 영양원
- 빙점 조정
- 결정성 부형제 
- 발효성",무색 내지 백색의 감미가 있는 분말내지 입자상이어야 한다.,"1. 수분(%) : 10 이하
2. 포도당당량 DE(%) : 96 이상
3. 덱스트린(%) : 4 이하
4. Ash(%) : 0.2 이하 
5. 착색도 : 0.25 이하
6. 탁도 : 0.2 이하
7. 사카린나트륨 : 불검출 
8. 납(mg/kg) : 0.5 이하 ","1. 덱스트린(%) : 4 이하
2. 사카린나트륨 : 불검출 
3. 납(mg/kg) : 0.5 이하 ",,폴리에틸렌(P.E),"음료, 유제품, 제과, 제빵, 분말제품, 가공식품"
FG0001 : 포도당,포도당 분말,GID1110O,포도당,식품용,정제포도당(1-A)/20KG/지대,2년,"223,000.00","209,000.00","206,000.00","(주)오뚜기, 주식회사 장앤진, (주)오륜무역인터네셔널",액상포도당→ 냉각결정 → 분무건조 → 숙성 → 사별1 → 자석분리기 → 저장 → 사별2 → 자석분리기 → 지대포장 → 금속검출기 → 출하,https://raw.githubusercontent.com/k-jihee/images/main/GID1110(%EC%A0%95%EC%A0%9C%ED%8F%AC%EB%8F%84%EB%8B%B9).jpg,옥수수전분 100%,"옥수수 : 외국산(미국, 브라질, 우크라이나 등)","- 감미도 : 설탕의 70%의 단맛
- 상쾌하고 부드러운 청량감 및 감미질 
- 높은 삼투압 및 침투압
- 소화흡수성이 양호(에너지원)
- 뇌 활동에 필수 영양원
- 빙점 조정
- 결정성 부형제 
- 발효성",무색 내지 백색의 감미가 있는 분말내지 입자상이어야 한다.,"1. 수분(%) : 10 이하
2. 포도당당량 DE(%) : 96 이상
3. 덱스트린(%) : 4 이하
4. Ash(%) : 0.2 이하 
5. 착색도 : 0.25 이하
6. 탁도 : 0.2 이하
7. 사카린나트륨 : 불검출 
8. 납(mg/kg) : 0.5 이하 ","1. 덱스트린(%) : 4 이하
2. 사카린나트륨 : 불검출 
3. 납(mg/kg) : 0.5 이하 ",,폴리에틸렌(P.E),"음료, 유제품, 제과, 제빵, 분말제품, 가공식품"
FG0001 : 포도당,포도당 분말,GID1112,포도당,식품용,정제포도당(1-A)/20KG/지대/수출,2년,"10,900.00","16,000.00","7,000.00","CIPLA/ARCHERCHEM, CLEO SINGAPORE PTE., LTD.",액상포도당→ 냉각결정 → 분무건조 → 숙성 → 사별1 → 자석분리기 → 저장 → 사별2 → 자석분리기 → 지대포장 → 금속검출기 → 출하,,옥수수전분 100%,"옥수수 : 외국산(미국, 브라질, 우크라이나 등)","- 감미도 : 설탕의 70%의 단맛
- 상쾌하고 부드러운 청량감 및 감미질 
- 높은 삼투압 및 침투압
- 소화흡수성이 양호(에너지원)
- 뇌 활동에 필수 영양원
- 빙점 조정
- 결정성 부형제 
- 발효성",무색 내지 백색의 감미가 있는 분말내지 입자상이어야 한다.,,수출국가 규격 확인 필요,,-,"음료, 유제품, 제과, 제빵, 분말제품, 가공식품"
FG0001 : 포도당,포도당 분말,GID1119,포도당,식품용,정제포도당(1-A)(OEM)/20KG/지대,2년,"244,000.00","202,000.00","207,600.00",대상주식회사,액상포도당→ 냉각결정 → 분무건조 → 숙성 → 사별1 → 자석분리기 → 저장 → 사별2 → 자석분리기 → 지대포장 → 금속검출기 → 출하,,옥수수전분 100%,"옥수수 : 외국산(미국, 브라질, 우크라이나 등)","- 감미도 : 설탕의 70%의 단맛
- 상쾌하고 부드러운 청량감 및 감미질 
- 높은 삼투압 및 침투압
- 소화흡수성이 양호(에너지원)
- 뇌 활동에 필수 영양원
- 빙점 조정
- 결정성 부형제 
- 발효성",무색 내지 백색의 감미가 있는 분말내지 입자상이어야 한다.,"1. 수분(%) : 10 이하
2. 포도당당량 DE(%) : 96 이상
3. 덱스트린(%) : 4 이하
4. Ash(%) : 0.2 이하 
5. 착색도 : 0.25 이하
6. 탁도 : 0.2 이하
7. 사카린나트륨 : 불검출 
8. 납(mg/kg) : 0.5 이하 ","1. 덱스트린(%) : 4 이하
2. 사카린나트륨 : 불검출 
3. 납(mg/kg) : 0.5 이하 ",,폴리에틸렌(P.E),"음료, 유제품, 제과, 제빵, 분말제품, 가공식품"
FG0001 : 포도당,포도당 분말,GID1180N,포도당,식품용,정제포도당(1-A)/20KG/지대,2년,"845,000.00","797,000.00","865,980.00","(주)농심, 농심태경(주)대구공장, (주)동원홈푸드",액상포도당→ 냉각결정 → 분무건조 → 숙성 → 사별1 → 자석분리기 → 저장 → 사별2 → 자석분리기 → 지대포장 → 금속검출기 → 출하,https://raw.githubusercontent.com/k-jihee/images/main/GID1180N(%EC%A0%95%EC%A0%9C%ED%8F%AC%EB%8F%84%EB%8B%B91-A).jpg,옥수수전분 100%,"옥수수 : 외국산(러시아, 헝가리, 세르비아 등)","- 감미도 : 설탕의 70%의 단맛
- 상쾌하고 부드러운 청량감 및 감미질 
- 높은 삼투압 및 침투압
- 소화흡수성이 양호(에너지원)
- 뇌 활동에 필수 영양원
- 빙점 조정
- 결정성 부형제 
- 발효성",무색 내지 백색의 감미가 있는 분말내지 입자상이어야 한다.,"1. 수분(%) : 10 이하
2. 포도당당량 DE(%) : 96 이상
3. 덱스트린(%) : 4 이하
4. Ash(%) : 0.2 이하 
5. 착색도 : 0.25 이하
6. 탁도 : 0.2 이하
7. 사카린나트륨 : 불검출 
8. 납(mg/kg) : 0.5 이하 ","1. 덱스트린(%) : 4 이하
2. 사카린나트륨 : 불검출 
3. 납(mg/kg) : 0.5 이하 ",,폴리에틸렌(P.E),"음료, 유제품, 제과, 제빵, 분말제품, 가공식품"
FG0001 : 포도당,포도당 분말,GID1183N,포도당,식품용,정제포도당(1-A)/25KG/지대/수출,2년,"80,000.00","128,000.00","144,000.00",CN INTERNATIONAL P/L,액상포도당→ 냉각결정 → 분무건조 → 숙성 → 사별1 → 자석분리기 → 저장 → 사별2 → 자석분리기 → 지대포장 → 금속검출기 → 출하,,옥수수전분 100%,"옥수수 : 외국산(러시아, 헝가리, 세르비아 등)","- 감미도 : 설탕의 70%의 단맛
- 상쾌하고 부드러운 청량감 및 감미질 
- 높은 삼투압 및 침투압
- 소화흡수성이 양호(에너지원)
- 뇌 활동에 필수 영양원
- 빙점 조정
- 결정성 부형제 
- 발효성",무색 내지 백색의 감미가 있는 분말내지 입자상이어야 한다.,,수출국가 규격 확인 필요,,-,"음료, 유제품, 제과, 제빵, 분말제품, 가공식품"
FG0001 : 포도당,포도당 분말,GID1210,포도당,식품용,정제포도당(1-B)/20KG/지대,2년,"124,000.00","148,780.00","89,720.00","(주)정안푸드, (주)선일상사, 정은상사",액상포도당→ 냉각결정 → 분무건조 → 숙성 → 사별1 → 자석분리기 → 저장 → 사별2 → 자석분리기 → 지대포장 → 금속검출기 → 출하,https://raw.githubusercontent.com/k-jihee/images/main/GID1210(%EC%A0%95%EC%A0%9C%ED%8F%AC%EB%8F%84%EB%8B%B9).jpg,옥수수전분 100%,"옥수수 : 외국산(미국, 브라질, 우크라이나 등)","- 정제포도당(1-A) 대비 입자가 큼
- 감미도 : 설탕의 70%의 단맛
- 상쾌하고 부드러운 청량감 및 감미질 
- 높은 삼투압 및 침투압
- 소화흡수성이 양호(에너지원)
- 뇌 활동에 필수 영양원
- 빙점 조정
- 결정성 부형제 
- 발효성",무색 내지 백색의 감미가 있는 분말내지 입자상이어야 한다.,"1. 수분(%) : 10 이하
2. 포도당당량 DE(%) : 96 이상
3. 이물 : 불검출
4. 입도(%) : 80 이상
5. 덱스트린(%) : 4 이하
6. Ash(%) : 0.2 이하 
7. 착색도 : 0.25 이하
8. 탁도 : 0.2 이하
9. 사카린나트륨 : 불검출 
10. 납(mg/kg) : 0.5 이하 ","1. 덱스트린(%) : 4 이하
2. 사카린나트륨 : 불검출 
3. 납(mg/kg) : 0.5 이하 ",,폴리에틸렌(P.E),"음료, 유제품, 제과, 제빵, 분말제품, 가공식품"
FG0001 : 포도당,포도당 분말,GID2010,포도당,식품용,함수결정포도당/20KG/지대,2년,"1,180,500.00","954,000.00","818,000.00","주식회사 수창, (주)선일상사, 제넥스상사 주식회사",액상포도당→ 냉각결정 → 탈수 → 건조 → 사별1 → 자석분리기 → 저장 → 사별2 → 자석분리기 → 지대포장 → 금속검출기 → 출하,https://raw.githubusercontent.com/k-jihee/images/main/GID2010(%ED%95%A8%EC%88%98%EA%B2%B0%EC%A0%95%ED%8F%AC%EB%8F%84%EB%8B%B9).jpg,옥수수전분 100%,"옥수수 : 외국산(미국, 브라질, 우크라이나 등)","- 감미도 : 설탕의 70%의 단맛
- 상쾌하고 부드러운 청량감 및 감미질 
- 높은 삼투압 및 침투압
- 소화흡수성이 양호(에너지원)
- 뇌 활동에 필수 영양원
- 빙점 조정
- 결정성 부형제 
- 발효성",백색의 감미가 있는 결정 또는 결정성 분말이어야 한다.,"1. 수분(%) : 10 이하
2. 이물 : 불검출
3. 포도당당량 DE(%) : 99.5 이상
4. 덱스트린(%) : 0.5 이하
5. Ash(%) : 0.1 이하 
6. 착색도 : 0.25 이하
7. 탁도 : 0.2 이하
8. 사카린나트륨 : 불검출 
9. 납(mg/kg) : 0.5 이하 ","1. 덱스트린(%) : 4 이하
2. 사카린나트륨 : 불검출 
3. 납(mg/kg) : 0.5 이하 ",,폴리에틸렌(P.E),"음료, 유제품, 제과, 제빵, 가공식품"
FG0001 : 포도당,포도당 분말,GID2015,포도당,식품용,함수결정포도당/500KG/BAG,2년,"394,500.00","545,000.00","462,500.00","롯데케미칼주식회사, 대한상사, 주식회사 데일리 F&C",액상포도당→ 냉각결정 → 탈수 → 건조 → 사별1 → 자석분리기 → 저장 → 사별2 → 자석분리기 → 지대포장 → 금속검출기 → 출하,https://raw.githubusercontent.com/k-jihee/images/main/GID2015(%ED%95%A8%EC%88%98%EA%B2%B0%EC%A0%95%ED%8F%AC%EB%8F%84%EB%8B%B9)%EC%82%BC%EC%96%91%EC%82%AC_%ED%99%8D%EC%9D%B8.JPG,옥수수전분 100%,"옥수수 : 외국산(미국, 브라질, 우크라이나 등)","- 감미도 : 설탕의 70%의 단맛
- 상쾌하고 부드러운 청량감 및 감미질 
- 높은 삼투압 및 침투압
- 소화흡수성이 양호(에너지원)
- 뇌 활동에 필수 영양원
- 빙점 조정
- 결정성 부형제 
- 발효성",백색의 감미가 있는 결정 또는 결정성 분말이어야 한다.,"1. 수분(%) : 10 이하
2. 이물 : 불검출
3. 포도당당량 DE(%) : 99.5 이상
4. 덱스트린(%) : 0.5 이하
5. Ash(%) : 0.1 이하 
6. 착색도 : 0.25 이하
7. 탁도 : 0.2 이하
8. 사카린나트륨 : 불검출 
9. 납(mg/kg) : 0.5 이하 ","1. 덱스트린(%) : 4 이하
2. 사카린나트륨 : 불검출 
3. 납(mg/kg) : 0.5 이하 ",,폴리에틸렌(P.E),"음료, 유제품, 제과, 제빵, 가공식품"
FG0001 : 포도당,포도당 분말,GID3010,포도당,식품용,무수결정포도당/20KG/지대,2년,"2,108,500.00","1,730,580.00","1,734,000.00","(주)이시푸드(E.C Food Co.,LTD), 주식회사 에스에스푸드켐, (주)선일상사",액상포도당→ 농축결정 → 탈수 → 건조 → 사별1 → 자석분리기 → 저장 → 사별2 → 자석분리기 → 지대포장 → 금속검출기 → 출하,https://raw.githubusercontent.com/k-jihee/images/main/GID3010(%EB%AC%B4%EC%88%98%EA%B2%B0%EC%A0%95%ED%8F%AC%EB%8F%84%EB%8B%B9).jpg,옥수수전분 100%,"옥수수 : 외국산(미국, 브라질, 우크라이나 등)","- 감미도 : 설탕의 70%의 단맛
- 상쾌하고 부드러운 청량감 및 감미질 
- 높은 삼투압 및 침투압
- 소화흡수성이 양호(에너지원)
- 뇌 활동에 필수 영양원
- 빙점 조정
- 결정성 부형제 
- 발효성",무색 내지 백색의 감미가 있는 결정 또는 결정성 분말이어야 한다.,"1. 수분(%) : 0.5 이하
2. 이물 : 불검출
3. 포도당당량 DE(%) : 99.5 이상
4. 덱스트린(%) : 0.5 이하
5. Ash(%) : 0.1 이하 
6. 착색도 : 0.25 이하
7. 탁도 : 0.2 이하
8. 사카린나트륨 : 불검출 
9. 납(mg/kg) : 0.5 이하 ","1. 덱스트린(%) : 4 이하
2. 사카린나트륨 : 불검출 
3. 납(mg/kg) : 0.5 이하 ",,폴리에틸렌(P.E),"음료, 유제품, 제과, 제빵, 분말제품, 가공식품"
FG0001 : 포도당,포도당 분말,GID3013,포도당,식품용,무수결정포도당/500KG/BAG,2년, 생산없음 , 생산없음 ,"16,000.00",(주)엘지생활건강,액상포도당→ 농축결정 → 탈수 → 건조 → 사별1 → 자석분리기 → 저장 → 사별2 → 자석분리기 → 지대포장 → 금속검출기 → 출하,,옥수수전분 100%,"옥수수 : 외국산(미국, 브라질, 우크라이나 등)","- 감미도 : 설탕의 70%의 단맛
- 상쾌하고 부드러운 청량감 및 감미질 
- 높은 삼투압 및 침투압
- 소화흡수성이 양호(에너지원)
- 뇌 활동에 필수 영양원
- 빙점 조정
- 결정성 부형제 
- 발효성",무색 내지 백색의 감미가 있는 결정 또는 결정성 분말이어야 한다.,"1. 수분(%) : 0.5 이하
2. 이물 : 불검출
3. 포도당당량 DE(%) : 99.5 이상
4. 덱스트린(%) : 0.5 이하
5. Ash(%) : 0.1 이하 
6. 착색도 : 0.25 이하
7. 탁도 : 0.2 이하
8. 사카린나트륨 : 불검출 
9. 납(mg/kg) : 0.5 이하 ","1. 덱스트린(%) : 4 이하
2. 사카린나트륨 : 불검출 
3. 납(mg/kg) : 0.5 이하 ",,폴리에틸렌(P.E),"음료, 유제품, 제과, 제빵, 분말제품, 가공식품"
FG0001 : 포도당,포도당 액상,GID6010,포도당,식품용,액상포도당(G-60)/T.L,1년,"3,533,570.00","2,315,775.00","3,728,610.00","제이씨앤엠주식회사, (주)오뚜기, 제넥스상사 주식회사",수전분 → 액화 → 당화 → 진공여과 → 탈색여과 → 이온정제 → 농축 → 저장 → 여과 → 포장 → 출하,한도견본 없음,옥수수전분 100%,"옥수수 : 외국산(미국, 브라질, 우크라이나 등)","- 감미도 : 설탕의 70%의 단맛
- 상쾌하고 부드러운 청량감 및 감미질 
- 높은 삼투압 및 침투압
- 소화흡수성이 양호(에너지원)
- 뇌 활동에 필수 영양원
- 빙점 조정
- 결정성 부형제 
- 발효성
- 고형분 60% 이상으로 결정되기 쉬움",미황색의 감미가 있는 액상,"1. 수분(%) : 40 이하
2. 이물 : 불검출
3. 포도당당량 DE(%) : 96 이상
4. pH(10%) : 4.5~7.0
5. Ash(%) : 0.2 이하 
6. 사카린나트륨 : 불검출 
7. 납(mg/kg) : 0.5 이하 ","1. 포도당당량(DE,%) : 80.0 이상
2. 사카린나트륨 : 불검출 
3. 납(mg/kg) : 0.5 이하 ",,T/L,미생물 발효원
FG0001 : 포도당,포도당 액상,GID7010,포도당,식품용,액상포도당(G-70)(엘지)/T.L,1년,"300,360.00","583,920.00","299,350.00","주식회사 이랩, ㈜티앤에스",수전분 → 액화 → 당화 → 진공여과 → 탈색여과 → 이온정제 → 농축 → 저장 → 여과 → 포장 → 출하,한도견본 없음,옥수수전분 100%,"옥수수 : 외국산(미국, 브라질, 우크라이나 등)","- 감미도 : 설탕의 70%의 단맛
- 상쾌하고 부드러운 청량감 및 감미질 
- 높은 삼투압 및 침투압
- 소화흡수성이 양호(에너지원)
- 뇌 활동에 필수 영양원
- 빙점 조정
- 결정성 부형제 
- 발효성
- 고형분 60% 이상으로 결정되기 쉬움",무색의 감미를 갖는 점조성의 액상,"1. 수분(%) : 32.5 이하
2. Brix : 67.5 이상
3. 이물 : 불검출
4. 포도당당량 DE(%) : 96.5 이상
5. pH(30%) : 4.0~7.0
6. Ash(%) : 0.2 이하 
7. 사카린나트륨 : 불검출 
8. 납(mg/kg) : 0.5 이하 ","1. 포도당당량(DE,%) : 80.0 이상
2. 사카린나트륨 : 불검출 
3. 납(mg/kg) : 0.5 이하 ",,T/L,미생물 발효원
FG0002 : 물엿,저당물엿,GIS2010,물엿,식품용,저감미물엿/T.L,2년,"537,960.00","787,710.00","1,083,300.00","(주)케이이상사, (주)이시푸드(E.C Food Co.,LTD), 청운성업㈜",수전분 → 액화 → 당화 → 진공여과 → 탈색여과 → 이온정제 → 농축 → 저장 → 여과 → 포장 → 출하,한도견본 없음,옥수수전분 100%,"옥수수 : 외국산(미국, 브라질, 우크라이나 등)","=- 식품고유의 맛과 향에 영향을 주지 않음
- 증점 효과 우수
- 빠른 건조로 코팅 및 부형제로 많이 사용
- DE가 낮은 물엿으로 덱스트린 특성에 가까움",고유의 색택과 감미를 가지고 점조성이 있어야 한다.,"1. 수분(%) : 30 이하
2. 이물 : 불검출 
3. 포도당당량(DE,%) : 20~24
4. pH(10%) : 4.5~7.0
5. Ash(%) : 0.1 이하 
6. CV(30%) : 95이상
7. 사카린나트륨 : 불검출 
8. 납(mg/kg) : 1.0이하","1. 포도당당량(DE,%) : 20.0 이상
2. 사카린나트륨 : 검출되어서는 아니된다.
3. 납(mg/kg) : 1.0 이하",,T/L,
FG0002 : 물엿,저당물엿,GIS2011,물엿,식품용,저감미물엿/24KG/CAN,2년,"2,284,056.00","1,931,472.00","1,822,008.00","(주)이시푸드(E.C Food Co.,LTD), (주)선일상사, 대한상사",수전분 → 액화 → 당화 → 진공여과 → 탈색여과 → 이온정제 → 농축 → 저장 → 여과 → 포장 → 출하,https://raw.githubusercontent.com/k-jihee/images/main/GIS2011(%EC%A0%80%EA%B0%90%EB%AF%B8%EB%AC%BC%EC%97%BF)-%20%EC%8B%A0%EA%B7%9CCI.JPG,옥수수전분 100%,"옥수수 : 외국산(미국, 브라질, 우크라이나 등)","=- 식품고유의 맛과 향에 영향을 주지 않음
- 증점 효과 우수
- 빠른 건조로 코팅 및 부형제로 많이 사용
- DE가 낮은 물엿으로 덱스트린 특성에 가까움",고유의 색택과 감미를 가지고 점조성이 있어야 한다.,"1. 수분(%) : 30 이하
2. 이물 : 불검출 
3. 포도당당량(DE,%) : 20~24
4. pH(10%) : 4.5~7.0
5. Ash(%) : 0.1 이하 
6. CV(30%) : 95이상
7. 사카린나트륨 : 불검출 
8. 납(mg/kg) : 1.0이하","1. 포도당당량(DE,%) : 20.0 이상
2. 사카린나트륨 : 검출되어서는 아니된다.
3. 납(mg/kg) : 1.0 이하",,"에폭시수지, 폴리에틸렌(P.E)캡",
FG0002 : 물엿,제네덱스,GIS2212,덱스트린,식품용,제네덱스/20KG/지대,2년,"828,080.00","1,063,680.00","969,220.00","롯데정밀화학㈜, 주식회사 에스에스푸드켐, (주)이시푸드(E.C Food Co.,LTD)",저감미물엿 → 분무건조 → 자석분리 → 사별 → 지대포장 → 금속검출기 → 출하 ,https://raw.githubusercontent.com/k-jihee/images/main/GIS2212(%EC%A0%9C%EB%84%A4%EB%8D%B1%EC%8A%A4).jpg,옥수수전분 100%,"옥수수 : 외국산(미국, 브라질, 우크라이나 등)","곡분, 전분 등의 전분질원료를 산이나 효소로 가수분해시켜 얻은 생성물을 가공한 것을 말한다.","고유의 색택과 이미, 이취가 없어야 한다.","1. 수분(%) : 10 이하
2. 이물 : 불검출
3. 포도당당량(DE,%) : 17.0~19.9
4. pH(10%) : 4.5~7.0
5. Ash(%) : 0.1 이하 
6. 사카린나트륨 : 불검출 
7. 납(mg/kg) : 1.0이하","1. 포도당당량(DE,%) : 20.0 미만
2. 사카린나트륨 : 검출되어서는 아니된다.
3. 납(mg/kg) : 1.0 이하",,폴리에틸렌(P.E),
FG0002 : 물엿,제네덱스,GIS2212N,덱스트린,식품용,제네덱스/20KG/지대,2년, 생산없음 , 생산없음 , 생산없음 ,"주식회사 선일에프앤씨, 정우통상㈜, (주)선일상사",저감미물엿 → 분무건조 → 자석분리 → 사별 → 지대포장 → 금속검출기 → 출하 ,https://raw.githubusercontent.com/k-jihee/images/main/GIS2212N(%EC%A0%9C%EB%84%A4%EB%8D%B1%EC%8A%A4).jpg,옥수수전분 100%,"옥수수 : 외국산(러시아, 헝가리, 세르비아 등)","곡분, 전분 등의 전분질원료를 산이나 효소로 가수분해시켜 얻은 생성물을 가공한 것을 말한다.","고유의 색택과 이미, 이취가 없어야 한다.",기준 없음,"1. 포도당당량(DE,%) : 20.0 미만
2. 사카린나트륨 : 검출되어서는 아니된다.
3. 납(mg/kg) : 1.0 이하",,폴리에틸렌(P.E),
FG0002 : 물엿,제네덱스,GIS2232,덱스트린,식품용,제네덱스12/20KG/지대,2년,"583,020.00","583,700.00","889,660.00","(주)이시푸드(E.C Food Co.,LTD), ㈜에치와이, 서울우유협동조합-안산",저감미물엿 → 분무건조 → 자석분리 → 사별 → 지대포장 → 금속검출기 → 출하 ,https://raw.githubusercontent.com/k-jihee/images/main/GIS2232(%EC%A0%9C%EB%84%A4%EB%8D%B1%EC%8A%A412).jpg,옥수수전분 100%,"옥수수 : 외국산(미국, 브라질, 우크라이나 등)","곡분, 전분 등의 전분질원료를 산이나 효소로 가수분해시켜 얻은 생성물을 가공한 것을 말한다.","고유의 색택과 이미, 이취가 없어야 한다.","1. 수분(%) : 10 이하
2. 이물 : 불검출
3. 포도당당량(DE,%) : 10~14
4. pH(10%) : 4.5~7.0
5. Ash(%) : 0.1 이하 
6. 사카린나트륨 : 불검출 
7. 납(mg/kg) : 1.0이하","1. 포도당당량(DE,%) : 20.0 미만
2. 사카린나트륨 : 검출되어서는 아니된다.
3. 납(mg/kg) : 1.0 이하",,폴리에틸렌(P.E),
FG0002 : 물엿,가루엿,GIS2312,기타엿,식품용,가루엿P/20KG/지대,2년,"52,780.00","62,000.00","57,060.00","정우통상㈜, 에스에이치통상, (주)호수",저감미물엿+액상포도당(HG60) → 블랜딩 → 분무건조 → 저장 → 자석분리기 → 사별 → 지대포장 → 금속검출기 → 출하,https://raw.githubusercontent.com/k-jihee/images/main/GIS2312(%EA%B0%80%EB%A3%A8%EC%97%BFP).jpg,옥수수전분 100%,"옥수수 : 외국산(미국, 브라질, 우크라이나 등)",,"고유의 색탁과 이미, 이취가 없어야 한다. ","1. 수분(%) : 10 이하
2. 회분(%) : 0.1 이하
3. 포도당당량(DE,%) : 20 이상
4. pH(10%) : 4.5~7.0
5. 사카린나트륨 : 불검출
6. 납(mg/kg) : 1.0 이하","1. 포도당당량(DE,%) : 10.0 이상
2. 사카린나트륨 : 검출되어서는 아니된다.
3. 납(mg/kg) : 1.0 이하",,폴리에틸렌(P.E),
FG0002 : 물엿,일반82,GIS4010,물엿,식품용,물엿/T.L,2년,"1,636,680.00","1,002,230.00","450,290.00","㈜대하상사, ㈜대흥상사, 주식회사 에코케이",수전분 → 액화 → 당화 → 진공여과 → 탈색여과 → 이온정제 → 농축 → 저장 → 여과 → 포장 → 출하,한도견본 없음,옥수수전분 100%,"옥수수 : 외국산(미국, 브라질, 우크라이나 등)",,고유의 색택과 감미를 가지고 점조성이 있어야 한다.,"1. 수분(%) : 18 이하
2. DE(%) : 40~44
3. pH(10%) : 4.5~7.0
4. Ash(%) : 0.1 이하 
5. CV(30%) : 98이상
6. 사카린나트륨 : 불검출 
7. 납(mg/kg) : 1.0이하","1. 포도당당량(DE) : 20.0 이상
2. 사카린나트륨 : 검출되어서는 아니된다.
3. 납(mg/kg) : 1.0 이하",,T/L,
FG0002 : 물엿,일반82,GIS4011,물엿,식품용,물엿/24KG/CAN,2년,"926,952.00","922,224.00","877,488.00","제넥스상사 주식회사, 모아상사, 정은상사",수전분 → 액화 → 당화 → 진공여과 → 탈색여과 → 이온정제 → 농축 → 저장 → 여과 → 포장 → 출하,https://raw.githubusercontent.com/k-jihee/images/main/GIS4011(%EB%AC%BC%EC%97%BF)24kg.JPG,옥수수전분 100%,"옥수수 : 외국산(미국, 브라질, 우크라이나 등)",,고유의 색택과 감미를 가지고 점조성이 있어야 한다.,"1. 수분(%) : 18 이하
2. 이물 : 불검출 
3. DE(%) : 40~44
4. pH(10%) : 4.5~7.0
5. Ash(%) : 0.1 이하 
6. CV(30%) : 98이상
7. 사카린나트륨 : 불검출 
8. 납(mg/kg) : 1.0이하","1. 포도당당량(DE) : 20.0 이상
2. 사카린나트륨 : 검출되어서는 아니된다.
3. 납(mg/kg) : 1.0 이하",,"에폭시수지, 폴리에틸렌(P.E)캡",
FG0002 : 물엿,고감미75,GIS6210,물엿,식품용,고감미물엿75/T.L,2년,"6,560,740.00","2,464,370.00","1,896,220.00","푸드아고라, 현진그린밀㈜, 주식회사 삼양",수전분 → 액화 → 당화 → 진공여과 → 탈색여과 → 이온정제 → 농축 → 저장 → 여과 → 포장 → 출하,한도견본 없음,옥수수전분 100%,"옥수수 : 외국산(미국, 브라질, 우크라이나 등)",,고유의 색택과 감미를 가지고 점조성이 있어야 한다.,"1. 수분(%) : 25 이하
2. 이물 : 불검출 
3. DE(%) : 42~48
4. pH(10%) : 4.5~7.0
5. Ash(%) : 0.1 이하 
6. CV(30%) : 98이상
7. 사카린나트륨 : 불검출 
8. 납(mg/kg) : 1.0이하","1. 포도당당량(DE) : 20.0 이상
2. 사카린나트륨 : 검출되어서는 아니된다.
3. 납(mg/kg) : 1.0 이하","1. 고감미물엿82에서 브릭스만 조정한 제품
2. 물엿(S40, S70)과 동일공정으로 당화효소, 실활시간 차이 無",T/L,
FG0002 : 물엿,고감미82,GIS6011,물엿,식품용,고당도물엿/24KG/CAN,2년,"115,872.00","121,632.00", 생산없음 ,"(주)삼우에프엔디, 대한상사, 대한푸드",수전분 → 액화 → 당화 → 진공여과 → 탈색여과 → 이온정제 → 농축 → 저장 → 여과 → 포장 → 출하,https://raw.githubusercontent.com/k-jihee/images/main/GIS6011(%EA%B3%A0%EB%8B%B9%EB%8F%84%EB%AC%BC%EC%97%BF).JPG,옥수수전분 100%,"옥수수 : 외국산(미국, 브라질, 우크라이나 등)",,고유의 색택과 감미를 가지고 점조성이 있어야 한다.,"1. 수분(%) : 18 이하
2. 이물 : 불검출 
3. DE(%) : 60~64
4. pH(10%) : 4.5~7.0
5. Ash(%) : 0.1 이하 
6. CV(30%) : 98이상
7. 사카린나트륨 : 불검출 
8. 납(mg/kg) : 1.0이하","1. 포도당당량(DE) : 20.0 이상
2. 사카린나트륨 : 검출되어서는 아니된다.
3. 납(mg/kg) : 1.0 이하",1. 인천 1공장 물엿 제품 중 DE값이 가장 높음,"에폭시수지, 폴리에틸렌(P.E)캡",
FG0002 : 물엿,고감미82,GIS6310,물엿,식품용,고감미물엿82/T.L,2년,"8,817,236.00","8,159,940.00","8,352,000.00","주식회사 수창, (주)대하상사, 주식회사 합도씨앤에프",수전분 → 액화 → 당화 → 진공여과 → 탈색여과 → 이온정제 → 농축 → 저장 → 여과 → 포장 → 출하,한도견본 없음,옥수수전분 100%,"옥수수 : 외국산(미국, 브라질, 우크라이나 등)",,고유의 색택과 감미를 가지고 점조성이 있어야 한다.,"1. 수분(%) : 18 이하
2. DE(%) : 42~48
3. pH(10%) : 4.5~7.0
4. Ash(%) : 0.1 이하 
5. 사카린나트륨 : 불검출 
6. 납(mg/kg) : 1.0이하","1. 포도당당량(DE) : 20.0 이상
2. 사카린나트륨 : 검출되어서는 아니된다.
3. 납(mg/kg) : 1.0 이하","1. 물엿(S40, S70)과 동일공정으로 당화효소, 실활시간 차이 無",T/L,"음료, 제과, 제빵, 빙과 등의 식품원료, 감미료 및 식품첨가물 재가공용"
FG0002 : 물엿,고감미82,GIS6311,물엿,식품용,고감미물엿82/24KG/CAN,2년,"2,953,560.00","3,324,096.00","3,285,696.00","합자회사 대명, 주식회사 수창, 제이와이서울식품",수전분 → 액화 → 당화 → 진공여과 → 탈색여과 → 이온정제 → 농축 → 저장 → 여과 → 포장 → 출하,https://raw.githubusercontent.com/k-jihee/images/main/GIS6311(%EA%B3%A0%EA%B0%90%EB%AF%B8%EB%AC%BC%EC%97%BF82)%EC%82%BC%EC%96%91%EC%82%AC_%ED%99%8D%EC%9D%B8.JPG,옥수수전분 100%,"옥수수 : 외국산(미국, 브라질, 우크라이나 등)",,고유의 색택과 감미를 가지고 점조성이 있어야 한다.,"1. 수분(%) : 18 이하
2. DE(%) : 42~48
3. pH(10%) : 4.5~7.0
4. Ash(%) : 0.1 이하 
5. 사카린나트륨 : 불검출 
6. 납(mg/kg) : 1.0이하","1. 포도당당량(DE) : 20.0 이상
2. 사카린나트륨 : 검출되어서는 아니된다.
3. 납(mg/kg) : 1.0 이하","1. 물엿(S40, S70)과 동일공정으로 당화효소, 실활시간 차이 無","에폭시수지, 폴리에틸렌(P.E)캡",
FG0002 : 물엿,일반75,GIS7010,물엿,식품용,아이스당/T.L,2년,"398,740.00","329,750.00","340,920.00","(주)대흥상사, 현진그린밀㈜, 주식회사 수창",수전분 → 액화 → 당화 → 진공여과 → 탈색여과 → 이온정제 → 농축 → 저장 → 여과 → 포장 → 출하,한도견본 없음,옥수수전분 100%,"옥수수 : 외국산(미국, 브라질, 우크라이나 등)",,고유의 색택과 감미를 가지고 점조성이 있어야 한다.,"1. 수분(%) : 25 이하
2. DE(%) : 40~44
3. pH(10%) : 4.5~7.0
4. Ash(%) : 0.1 이하 
5. CV(30%) : 98이상
6. 사카린나트륨 : 불검출 
7. 납(mg/kg) : 1.0이하","1. 포도당당량(DE) : 20.0 이상
2. 사카린나트륨 : 검출되어서는 아니된다.
3. 납(mg/kg) : 1.0 이하",1. 물엿 75brix 제품임(75brix 시 아이스명칭 추가) > 농축시간만 차이,T/L,
FG0002 : 물엿,일반75,GIS7011,물엿,식품용,아이스당/20KG/CAN,2년,"434,800.00","387,860.00","398,080.00","주식회사 선한상사, 정은상사, 주식회사 수창",수전분 → 액화 → 당화 → 진공여과 → 탈색여과 → 이온정제 → 농축 → 저장 → 여과 → 포장 → 출하,https://raw.githubusercontent.com/k-jihee/images/main/GIS7011(%EC%95%84%EC%9D%B4%EC%8A%A4%EB%8B%B9)%EC%82%BC%EC%96%91%EC%82%AC_%ED%99%8D%EC%9D%B8.JPG,옥수수전분 100%,"옥수수 : 외국산(미국, 브라질, 우크라이나 등)",,고유의 색택과 감미를 가지고 점조성이 있어야 한다.,"1. 수분(%) : 25 이하
2. DE(%) : 40~44
3. pH(10%) : 4.5~7.0
4. Ash(%) : 0.1 이하 
5. CV(30%) : 98이상
6. 사카린나트륨 : 불검출 
7. 납(mg/kg) : 1.0이하","1. 포도당당량(DE) : 20.0 이상
2. 사카린나트륨 : 검출되어서는 아니된다.
3. 납(mg/kg) : 1.0 이하",1. 물엿 75brix 제품임(75brix 시 아이스명칭 추가) > 농축시간만 차이,"에폭시수지, 폴리에틸렌(P.E)캡",
FG0002 : 물엿,일반75,GIS7030,물엿,식품용(소분),물엿/T.L,2년,"4,622,880.00","3,192,640.00","1,789,560.00","유한회사 대림푸드, 합자회사 대명, 주식회사 케이디푸드시스템",수전분 → 액화 → 당화 → 진공여과 → 탈색여과 → 이온정제 → 농축 → 저장 → 여과 → 포장 → 출하,한도견본 없음,옥수수전분 100%,"옥수수 : 외국산(미국, 브라질, 우크라이나 등)",,고유의 색택과 감미를 가지고 점조성이 있어야 한다.,"1. 수분(%) : 25 이하
2. DE(%) : 40~44
3. pH(10%) : 4.5~7.0
4. Ash(%) : 0.1 이하 
5. CV(30%) : 98이상
6. 사카린나트륨 : 불검출 
7. 납(mg/kg) : 1.0이하","1. 포도당당량(DE) : 20.0 이상
2. 사카린나트륨 : 검출되어서는 아니된다.
3. 납(mg/kg) : 1.0 이하",1. 물엿 75brix 제품임(75brix 시 아이스명칭 추가) > 농축시간만 차이,T/L,
FG0002 : 물엿,맥아82,GIS9010,물엿,식품용,맥아물엿/T.L,2년,"3,936,970.00","4,893,420.00","4,820,700.00","합자회사 대명, (주)정안푸드, 상화실업",수전분 → 액화 → 당화 → 진공여과 → 탈색여과 → 이온정제 → 농축 → 저장 → 여과 → 포장 → 출하,한도견본 없음,옥수수전분 100%,"옥수수 : 외국산(미국, 브라질, 우크라이나 등)","- 범용적으로 대부분의 식품에 사용
- 설탕 대비 감미도 40(포도당 5% 미만, 맥아당 약 50~55% 함유)",고유의 색택과 감미를 가지고 점조성이 있어야 한다.,"1. 수분(%) : 18 이하
2. Maltose(%무수물기준) : 50 이상
3. Glucose(%무수물기준) : 8 이하 
4. 이물 : 불검출 
5. DE(%) : 20 이상
6. pH(10%) : 4.5~7.0
7. Ash(%) : 0.1 이하 
8. CV(30%) : 98이상
9. 사카린나트륨 : 불검출 
10. 납(mg/kg) : 1.0이하","1. 포도당당량(DE) : 20.0 이상
2. 사카린나트륨 : 검출되어서는 아니된다.
3. 납(mg/kg) : 1.0 이하",,T/L,
FG0002 : 물엿,맥아82,GIS9011,물엿,식품용,맥아물엿/24KG/CAN,2년,"664,104.00","407,640.00","346,848.00","현진그린밀㈜, (주)선인, 주식회사 선일에프앤씨",수전분 → 액화 → 당화 → 진공여과 → 탈색여과 → 이온정제 → 농축 → 저장 → 여과 → 포장 → 출하,https://raw.githubusercontent.com/k-jihee/images/main/GIS9011(%EB%A7%A5%EC%95%84%EB%AC%BC%EC%97%BF)%EC%82%BC%EC%96%91%EC%82%AC_%ED%99%8D%EC%9D%B8.JPG,옥수수전분 100%,"옥수수 : 외국산(미국, 브라질, 우크라이나 등)",,고유의 색택과 감미를 가지고 점조성이 있어야 한다.,"1. 수분(%) : 18 이하
2. Maltose(%무수물기준) : 50 이상
3. Glucose(%무수물기준) : 8 이하 
4. 이물 : 불검출 
5. DE(%) : 20 이상
6. pH(10%) : 4.5~7.0
7. Ash(%) : 0.1 이하 
8. CV(30%) : 98이상
9. 사카린나트륨 : 불검출 
10. 납(mg/kg) : 1.0이하","1. 포도당당량(DE) : 20.0 이상
2. 사카린나트륨 : 검출되어서는 아니된다.
3. 납(mg/kg) : 1.0 이하",,"에폭시수지, 폴리에틸렌(P.E)캡",
FG0002 : 물엿,맥아82,GIS9030,물엿,식품용,소프트맥아물엿/T.L,2년,"2,514,100.00","2,153,670.00","2,658,570.00","주식회사 케이디푸드시스템, 주식회사 수창, 주식회사 에스제이유통",수전분 → 액화 → 당화 → 진공여과 → 탈색여과 → 이온정제 → 농축 → 저장 → 여과 → 포장 → 출하,한도견본 없음,옥수수전분 100%,"옥수수 : 외국산(미국, 브라질, 우크라이나 등)",,고유의 색택과 감미를 가지고 점조성이 있어야 한다.,"1. 수분(%) : 18 이하
2. Maltose(%무수물기준) : 46 이상
3. Glucose(%무수물기준) : 8 이하 
4. 이물 : 불검출 
5. DE(%) : 20 이상
6. pH(10%) : 4.5~7.0
7. Ash(%) : 0.05 이하 
8. CV(30%) : 98이상
9. 사카린나트륨 : 불검출 
10. 납(mg/kg) : 1.0이하","1. 포도당당량(DE) : 20.0 이상
2. 사카린나트륨 : 검출되어서는 아니된다.
3. 납(mg/kg) : 1.0 이하",1. 맥아물엿과 동일한 공정,T/L,
FG0002 : 물엿,맥아82,GIS9031,물엿,식품용,소프트맥아물엿/24KG/CAN,2년,"421,416.00","394,104.00","344,472.00","합자회사 대명, 주식회사 에스제이유통, 주식회사 수창",수전분 → 액화 → 당화 → 진공여과 → 탈색여과 → 이온정제 → 농축 → 저장 → 여과 → 포장 → 출하,https://raw.githubusercontent.com/k-jihee/images/main/GIS9031(%EC%86%8C%ED%94%84%ED%8A%B8%EB%A7%A5%EC%95%84%EB%AC%BC%EC%97%BF).JPG,옥수수전분 100%,"옥수수 : 외국산(미국, 브라질, 우크라이나 등)",,고유의 색택과 감미를 가지고 점조성이 있어야 한다.,"1. 수분(%) : 18 이하
2. Maltose(%무수물기준) : 46 이상
3. Glucose(%무수물기준) : 8 이하 
4. 이물 : 불검출 
5. DE(%) : 20 이상
6. pH(10%) : 4.5~7.0
7. Ash(%) : 0.1 이하 
8. CV(30%) : 98이상
9. 사카린나트륨 : 불검출 
10. 납(mg/kg) : 1.0이하","1. 포도당당량(DE) : 20.0 이상
2. 사카린나트륨 : 검출되어서는 아니된다.
3. 납(mg/kg) : 1.0 이하",1. 맥아물엿과 동일한 공정,"에폭시수지, 폴리에틸렌(P.E)캡",
FG0002 : 물엿,맥아82,GIS9032,물엿,식품용,소프트맥아물엿(C)/24KG/CAN,2년,"243,840.00","131,136.00","334,056.00","(주)광일푸드시스템, (주)케이이상사, (주)오지매이테크",수전분 → 액화 → 당화 → 진공여과 → 탈색여과 → 이온정제 → 농축 → 저장 → 여과 → 포장 → 출하,https://raw.githubusercontent.com/k-jihee/images/main/GIS9032(%EC%86%8C%ED%94%84%ED%8A%B8%EB%A7%A5%EC%95%84%EB%AC%BC%EC%97%BF-%ED%95%98%EB%8B%A8%EC%83%89%EC%83%81)24kg.JPG,옥수수전분 100%,"옥수수 : 외국산(미국, 브라질, 우크라이나 등)",,고유의 색택과 감미를 가지고 점조성이 있어야 한다.,"1. 수분(%) : 18 이하
2. Maltose(%무수물기준) : 46~50
3. Glucose(%무수물기준) : 8 이하 
4. 이물 : 불검출 
5. DE(%) : 20 이상
6. pH(10%) : 4.5~7.0
7. Ash(%) : 0.1 이하 
8. CV(30%) : 98이상
9. 사카린나트륨 : 불검출 
10. 납(mg/kg) : 1.0이하","1. 포도당당량(DE) : 20.0 이상
2. 사카린나트륨 : 검출되어서는 아니된다.
3. 납(mg/kg) : 1.0 이하","1. 맘모스라 칭함 
2. 소프트맥아물엿(S9031)과 제조공정이 완전 다름 ","에폭시수지, 폴리에틸렌(P.E)캡",
FG0002 : 물엿,맥아82,GIS9040,물엿,식품용,소프트맥아물엿(C)/T.L,2년,"367,770.00","421,560.00","374,710.00","주식회사 에스제이유통, 주식회사 수창, 대웅상사",수전분 → 액화 → 당화 → 진공여과 → 탈색여과 → 이온정제 → 농축 → 저장 → 여과 → 포장 → 출하,한도견본 없음,옥수수전분 100%,"옥수수 : 외국산(미국, 브라질, 우크라이나 등)",,고유의 색택과 감미를 가지고 점조성이 있어야 한다.,"1. 수분(%) : 18 이하
2. Maltose(%무수물기준) : 46~50
3. Glucose(%무수물기준) : 8 이하 
4. 이물 : 불검출 
5. DE(%) : 20 이상
6. pH(10%) : 4.5~7.0
7. Ash(%) : 0.1 이하 
8. CV(30%) : 98이상
9. 사카린나트륨 : 불검출 
10. 납(mg/kg) : 1.0이하","1. 포도당당량(DE) : 20.0 이상
2. 사카린나트륨 : 검출되어서는 아니된다.
3. 납(mg/kg) : 1.0 이하","1. 맘모스라 칭함 
2. 소프트맥아물엿(S9031)과 제조공정이 완전 다름 ",T/L,
FG0002 : 물엿,맥아75,GIS9210,물엿,식품용,맥아물엿(75bx)/T.L,2년,"15,553,145.00","15,974,730.00","16,568,820.00","주식회사 케이디푸드시스템, 주식회사 동서산업, (주)오뚜기",수전분 → 액화 → 당화 → 진공여과 → 탈색여과 → 이온정제 → 농축 → 저장 → 여과 → 포장 → 출하,한도견본 없음,옥수수전분 100%,"옥수수 : 외국산(미국, 브라질, 우크라이나 등)",,고유의 색택과 감미를 가지고 점조성이 있어야 한다.,"1. 수분(%) : 25 이하
2. Maltose(%무수물기준) : 55 이상
3. Glucose(%무수물기준) : 8 이하 
4. 이물 : 불검출 
5. DE(%) : 20 이상
6. pH(10%) : 4.5~7.0
7. Ash(%) : 0.05 이하 
8. CV(30%) : 98이상
9. 사카린나트륨 : 불검출 
10. 납(mg/kg) : 1.0이하","1. 포도당당량(DE) : 20.0 이상
2. 사카린나트륨 : 검출되어서는 아니된다.
3. 납(mg/kg) : 1.0 이하",1. 맥아물엿 75brix 제품임(75brix 시 아이스명칭 추가) > 농축시간만 차이,T/L,
FG0002 : 물엿,맥아75,GIS9220,물엿,식품용,물엿(맥아아이스당)/T.L,2년,"1,618,860.00","3,608,620.00","2,412,530.00","동희주식회사, 성일유통",수전분 → 액화 → 당화 → 진공여과 → 탈색여과 → 이온정제 → 농축 → 저장 → 여과 → 포장 → 출하,한도견본 없음,옥수수전분 100%,"옥수수 : 외국산(미국, 브라질, 우크라이나 등)",,고유의 색택과 감미를 가지고 점조성이 있어야 한다.,"1. 수분(%) : 25 이하
2. Maltose(%무수물기준) : 55 이상
3. Glucose(%무수물기준) : 8 이하 
4. 이물 : 불검출 
5. DE(%) : 20 이상
6. pH(10%) : 4.5~7.0
7. Ash(%) : 0.05 이하 
8. CV(30%) : 98이상
9. 사카린나트륨 : 불검출 
10. 납(mg/kg) : 1.0이하","1. 포도당당량(DE) : 20.0 이상
2. 사카린나트륨 : 검출되어서는 아니된다.
3. 납(mg/kg) : 1.0 이하",1. 맥아물엿 75brix 제품임(75brix 시 아이스명칭 추가) > 농축시간만 차이,T/L,
FG0002 : 물엿,맥아75,GIS9230,물엿,식품용,이온물엿/T.L,2년,"7,090,740.00","6,623,350.00","7,174,210.00",(주)영수식품,수전분 → 액화 → 당화 → 진공여과 → 탈색여과 → 이온정제 → 농축 → 저장 → 여과 → 포장 → 출하,한도견본 없음,옥수수전분 100%,"옥수수 : 외국산(미국, 브라질, 우크라이나 등)",,고유의 색택과 감미를 가지고 점조성이 있어야 한다.,"1. 수분(%) : 25 이하
2. Maltose(%무수물기준) : 55 이상
3. Glucose(%무수물기준) : 8 이하 
4. 이물 : 불검출 
5. DE(%) : 20 이상
6. pH(10%) : 4.5~7.0
7. Ash(%) : 0.05 이하 
8. CV(30%) : 98이상
9. 사카린나트륨 : 불검출 
10. 납(mg/kg) : 1.0이하","1. 포도당당량(DE) : 20.0 이상
2. 사카린나트륨 : 검출되어서는 아니된다.
3. 납(mg/kg) : 1.0 이하",1. 맥아물엿 75brix 제품임(75brix 시 아이스명칭 추가) > 농축시간만 차이,T/L,
FG0002 : 물엿,하이말토스,GIS9318,물엿,식품용,썬하이말토(75bx)/18KG/CAN,2년,"370,404.00","383,814.00","373,428.00","예원유통㈜, 소재유통 주식회사, 주식회사 수창",수전분 → 액화 → 당화 → 진공여과 → 탈색여과 → 이온정제 → 농축 → 저장 → 여과 → 포장 → 출하,https://raw.githubusercontent.com/k-jihee/images/main/GIS9318(%EC%8D%AC%ED%95%98%EC%9D%B4%EB%A7%90%ED%86%A0)18kg.JPG,옥수수전분 100%,"옥수수 : 외국산(미국, 브라질, 우크라이나 등)",,고유의 색택과 감미를 가지고 점조성이 있어야 한다.,"1. 수분(%) : 25 이하
2. Maltose(%무수물기준) : 70 이상
3. 이물 : 불검출 
4. DE(%) : 20 이상
5. pH(10%) : 4.5~7.0
6. Ash(%) : 0.1 이하 
7. CV(30%) : 98이상
8. 사카린나트륨 : 불검출 
9. 납(mg/kg) : 1.0이하","1. 포도당당량(DE) : 20.0 이상
2. 사카린나트륨 : 검출되어서는 아니된다.
3. 납(mg/kg) : 1.0 이하",,"에폭시수지, 폴리에틸렌(P.E)캡",
FG0002 : 물엿,하이말토스,GIS9330,물엿,식품용,썬하이말토/T.L,2년,"1,363,790.00","1,589,100.00","621,140.00",울산2공장,수전분 → 액화 → 당화 → 진공여과 → 탈색여과 → 이온정제 → 농축 → 저장 → 여과 → 포장 → 출하,한도견본 없음,옥수수전분 100%,"옥수수 : 외국산(미국, 브라질, 우크라이나 등)",,고유의 색택과 감미를 가지고 점조성이 있어야 한다.,"1. 수분(%) : 18 이하
2. Maltose(%무수물기준) : 70 이상
3. 이물 : 불검출 
4. DE(%) : 20 이상
5. pH(10%) : 4.5~7.0
6. Ash(%) : 0.1 이하 
7. CV(30%) : 98이상
8. 사카린나트륨 : 불검출 
9. 납(mg/kg) : 1.0이하","1. 포도당당량(DE) : 20.0 이상
2. 사카린나트륨 : 검출되어서는 아니된다.
3. 납(mg/kg) : 1.0 이하",울산 2공장에만 납품,T/L,
FG0002 : 물엿,하이말토스,GIS9331,물엿,식품용,썬하이말토/24KG/CAN,2년,"187,848.00","125,712.00","142,488.00","(주)선인, 주식회사 에스케이월드, (주) 신영푸드",수전분 → 액화 → 당화 → 진공여과 → 탈색여과 → 이온정제 → 농축 → 저장 → 여과 → 포장 → 출하,https://raw.githubusercontent.com/k-jihee/images/main/GIS9331(%EC%8D%AC%ED%95%98%EC%9D%B4%EB%A7%90%ED%86%A0)24kg.JPG,옥수수전분 100%,"옥수수 : 외국산(미국, 브라질, 우크라이나 등)",,고유의 색택과 감미를 가지고 점조성이 있어야 한다.,"1. 수분(%) : 18 이하
2. Maltose(%무수물기준) : 70 이상
3. 이물 : 불검출 
4. DE(%) : 20 이상
5. pH(10%) : 4.5~7.0
6. Ash(%) : 0.1 이하 
7. CV(30%) : 98이상
8. 사카린나트륨 : 불검출 
9. 납(mg/kg) : 1.0이하","1. 포도당당량(DE) : 20.0 이상
2. 사카린나트륨 : 검출되어서는 아니된다.
3. 납(mg/kg) : 1.0 이하",,"에폭시수지, 폴리에틸렌(P.E)캡",
FG0003 : 과당,,GIF5010,기타과당,식품용,과당55/T.L,1년,"15,365,900.00","12,986,920.00","15,055,680.00","(주)오뚜기, ㈜선일상사, 주식회사 수창",과당42 → F/G분리 →  이온정제 →  농축 →  저장 →  블렌딩 →  저장 →  여과 → 포장 →  출하,한도견본 없음,옥수수전분 100%,"옥수수 : 외국산(미국, 브라질, 우크라이나 등)","- 과당 고형분 기준 설탕과 감미도 유사
- 과당 함량 약 55%, 포도당 약 45%로 구성",무색 내지 미황색의 감미가 있는 점조성의 액상이어야 한다. ,"1. 수분(%) : 23.5 이하
2. 고형분(%) : 76.5 이상
3. Brix : 75 이상
4. 과당(%) : 55.0 이상(무수물기준)
5. 올리고당(%) : 6.0 이하(무수물기준)
6. 이물 : 불검출
7. pH(10%) : 4.5~7.0
8. Ash(%) : 0.1 이하
9. CV(30%) : 98이상
10. 사카린나트륨 : 불검출
11. 납(mg/kg) : 0.5 이하","1. 과당(%) : 35.0 이상(무수물기준)
2. 사카린나트륨 : 불검출 
3. 납(mg/kg) : 0.5 이하 ",,T/L,"음료, 유제품, 제과, 제빵,  소스 , 가공식품"
FG0003 : 과당,,GIF5011,기타과당,식품용,과당55/25KG/CAN,1년,"1,889,600.00","1,912,925.00","1,944,650.00","(주)선일상사, (주)가인에프엔비, 현진그린밀㈜",과당42 → F/G분리 →  이온정제 →  농축 →  저장 →  블렌딩 →  저장 →  여과 → 포장 →  출하,https://raw.githubusercontent.com/k-jihee/images/main/GIF5011(%EA%B3%BC%EB%8B%B955).JPG,옥수수전분 100%,"옥수수 : 외국산(미국, 브라질, 우크라이나 등)","- 과당 고형분 기준 설탕과 감미도 유사
- 과당 함량 약 55%, 포도당 약 45%로 구성",무색 내지 미황색의 감미가 있는 점조성의 액상이어야 한다. ,"1. 수분(%) : 23.5 이하
2. 고형분(%) : 76.5 이상
3. Brix : 75 이상
4. 과당(%) : 55.0 이상(무수물기준)
5. 올리고당(%) : 6.0 이하(무수물기준)
6. 이물 : 불검출
7. pH(10%) : 4.5~7.0
8. Ash(%) : 0.1 이하
9. CV(30%) : 98이상
10. 사카린나트륨 : 불검출
11. 납(mg/kg) : 0.5 이하","1. 과당(%) : 35.0 이상(무수물기준)
2. 사카린나트륨 : 불검출 
3. 납(mg/kg) : 0.5 이하 ",,"에폭시수지, 폴리에틸렌(P.E)캡","음료, 유제품, 제과, 제빵, 소스, 가공식품"
FG0003 : 과당,,GIF5016,기타과당,식품용,과당55/25KG/CAN/수출,1년,"1,420,000.00","1,440,000.00","1,000,000.00","VIECHEM MARKETING & FOOD CO., CONG TY TNHH MDM HAT, NGOC SON HA NOI CO., LTD.",과당42 → F/G분리 →  이온정제 →  농축 →  저장 →  블렌딩 →  저장 →  여과 → 포장 →  출하,,옥수수전분 100%,"옥수수 : 외국산(미국, 브라질, 우크라이나 등)","- 과당 고형분 기준 설탕과 감미도 유사
- 과당 함량 약 55%, 포도당 약 45%로 구성",무색 내지 미황색의 감미가 있는 점조성의 액상이어야 한다. ,,수출국가 규격 확인 필요,"주요 수출국 : 필리핀 主, 베트남","에폭시수지, 폴리에틸렌(P.E)캡","음료, 유제품, 제과, 제빵, 소스, 가공식품"
FG0003 : 과당,,GIF5020,기타과당,식품용,고과당/T.L,1년,"312,960.00","81,820.00","199,070.00","(주)모두에프엔티, 주식회사 수창, (주)영우씨앤에스",과당42 → F/G분리 →  이온정제 →  농축 →  저장 →  블렌딩 →  저장 →  여과 → 포장 →  출하,한도견본 없음,옥수수전분 100%,"옥수수 : 외국산(미국, 브라질, 우크라이나 등)","- 과당 고형분 기준 설탕과 감미도 유사
- 과당 함량 약 55%, 포도당 약 45%로 구성",무색 내지 미황색의 감미가 있는 점조성의 액상이어야 한다. ,"1. 수분(%) : 23.5 이하
2. 고형분(%) : 76.5 이상
3. Brix : 75 이상
4. 과당(%) : 55.0 이상(무수물기준)
5. 올리고당(%) : 6.0 이하(무수물기준)
6. 이물 : 불검출
7. pH(10%) : 4.5~6.5
8. Ash(%) : 0.1 이하
9. CV(30%) : 98이상
10. 사카린나트륨 : 불검출
11. 납(mg/kg) : 0.5 이하","1. 과당(%) : 35.0 이상(무수물기준)
2. 사카린나트륨 : 불검출 
3. 납(mg/kg) : 0.5 이하 ",,T/L,"음료, 유제품, 제과, 제빵, 소스, 가공식품"
FG0004 : 전분,일반전분,GIC0020G,전분,식품용,옥수수전분/22KG/지대/식품용,2년,"121,330.00","96,052.00","170,258.00","(주)선일상사, 정은상사, (주)영우켐텍",수전분 → 탈수 → 건조 → 사별1 → 저장 → 사별2 → 자석분리기 → 지대포장 → 금속검출기 → 출하,https://raw.githubusercontent.com/k-jihee/images/main/GIC0020G(%EC%98%A5%EC%88%98%EC%88%98%EC%A0%84%EB%B6%84).jpg,옥수수 100%,"외국산(미국, 브라질, 우크라이나 등), 유전자변형",,"고유의 색택을 가진 분말로 이미,이취가 없어야 한다.","1. 수분(%) : 13 이하
2. pH(30%) : 4~7
3. 이물 : 불검출
4. Grits(%) : 0.1 이하
5. 백도(%) : 88.0 이상
6. 조단백(%) : 0.35 이하
7. 회분(%) : 0.15 이하
8. SO2(mg/kg) : 10 이하
9. 산도(mL) : 3 이하 ","1. 수분(%) : 15.0 이하
2. 회분(%) : 0.4 이하
3. 산도(mL) : 3 이하",,크라프트지,"식품의 증점,증량,안정제 및 겔화제,이형제등에 사용
제지용 사이즈제 및 접착제용등에 사용"
FG0004 : 전분,일반전분,GIC0020P,전분,산업용,옥수수전분/22KG/지대/산업용,2년,"665,126.00","562,936.00","566,874.00","현진그린밀㈜, 주식회사 합도씨앤에프, 동희주식회사",수전분 → 탈수 → 건조 → 사별1 → 저장 → 사별2 → 자석분리기 → 지대포장 → 금속검출기 → 출하,https://raw.githubusercontent.com/k-jihee/images/main/GIC0020P(%EC%98%A5%EC%88%98%EC%88%98%EC%A0%84%EB%B6%84).jpg,옥수수 100%,"외국산(미국, 브라질, 우크라이나 등), 유전자변형",,"고유의 색택을 가진 분말로 이미,이취가 없어야 한다.","1. 수분(%) : 13 이하
2. pH(30%) : 4~7
3. 이물 : 불검출
4. Grits(%) : 0.1 이하
5. 백도(%) : 88.0 이상
6. 조단백(%) : 0.35 이하
7. 회분(%) : 0.15 이하
8. SO2(mg/kg) : 10 이하
9. 산도(mL) : 3 이하 ","1. 수분(%) : 15.0 이하
2. 회분(%) : 0.4 이하
3. 산도(mL) : 3 이하",,크라프트지,
FG0004 : 전분,일반전분,GIC0022G,전분,식품용,옥수수전분/20KG/지대/식품용,2년,"305,020.00","181,000.00","192,220.00","주식회사 수창, 정우통상㈜, (주)학성상사",수전분 → 탈수 → 건조 → 사별1 → 저장 → 사별2 → 자석분리기 → 지대포장 → 금속검출기 → 출하,https://raw.githubusercontent.com/k-jihee/images/main/GIC0022G(%EC%98%A5%EC%88%98%EC%88%98%EC%A0%84%EB%B6%84).jpg,옥수수 100%,"외국산(미국, 브라질, 우크라이나 등), 유전자변형",,"고유의 색택을 가진 분말로 이미,이취가 없어야 한다.","1. 수분(%) : 13 이하
2. pH(30%) : 4~7
3. 이물 : 불검출
4. Grits(%) : 0.1 이하
5. 백도(%) : 88.0 이상
6. 조단백(%) : 0.35 이하
7. 회분(%) : 0.15 이하
8. SO2(mg/kg) : 10 이하
9. 산도(mL) : 3 이하 ","1. 수분(%) : 15.0 이하
2. 회분(%) : 0.4 이하
3. 산도(mL) : 3 이하",,크라프트지,
FG0004 : 전분,일반전분,GIC0022S,전분,식품용,옥수수전분/20kG/지대/수일,2년,"56,000.00","80,880.00","22,000.00",,수전분 → 탈수 → 건조 → 사별1 → 저장 → 사별2 → 자석분리기 → 지대포장 → 금속검출기 → 출하,https://raw.githubusercontent.com/k-jihee/images/main/GIC0022S(%EC%98%A5%EC%88%98%EC%88%98%EC%A0%84%EB%B6%84-%EC%88%98%EC%9D%BC).jpg,옥수수 100%,"외국산(미국, 브라질, 우크라이나 등), 유전자변형",,"고유의 색택을 가진 분말로 이미,이취가 없어야 한다.","1. 수분(%) : 13 이하
2. pH(30%) : 4~7
3. 이물 : 불검출
4. Grits(%) : 0.1 이하
5. 백도(%) : 88.0 이상
6. 조단백(%) : 0.35 이하
7. 회분(%) : 0.15 이하
8. SO2(mg/kg) : 10 이하
9. 산도(mL) : 3 이하 ","1. 수분(%) : 15.0 이하
2. 회분(%) : 0.4 이하
3. 산도(mL) : 3 이하",,크라프트지,
FG0004 : 전분,일반전분,GIC0032F,전분,식품용,옥수수전분/25KG/지대/수출/푸드,2년,"4,014,425.00","4,586,975.00","3,456,700.00",,수전분 → 탈수 → 건조 → 사별1 → 저장 → 사별2 → 자석분리기 → 지대포장 → 금속검출기 → 출하,"https://raw.githubusercontent.com/k-jihee/images/main/GIS0032F(%EC%88%98%EC%B6%9C%EC%9A%A9%ED%91%9C%EC%A4%80%20FOOD1%EB%B2%88%20%EC%B6%A9%EB%A7%8C).jpg, https://raw.githubusercontent.com/k-jihee/images/main/GIS0032F(%EC%88%98%EC%B6%9C%EC%9A%A9%ED%91%9C%EC%A4%80%20FOOD3%EB%B2%88%20%EC%82%B0%ED%98%B8).jpg https://raw.githubusercontent.com/k-jihee/images/main/GIS0032F(%EC%88%98%EC%B6%9C%EC%9A%A9%ED%91%9C%EC%A4%80%20FOOD2%EB%B2%88%20%EB%A6%AC%EC%AA%BC).jpg, ",옥수수 100%,"외국산(미국, 브라질, 우크라이나 등), 유전자변형",,,수출 성적서 확인 필요,"1. 수분(%) : 15.0 이하
2. 회분(%) : 0.4 이하
3. 산도(mL) : 3 이하",,크라프트지,
FG0004 : 전분,일반전분,GIC0032S,전분,식품용,옥수수전분/25KG/지대/수출/표준,2년,"36,000.00","54,000.00","54,000.00",,수전분 → 탈수 → 건조 → 사별1 → 저장 → 사별2 → 자석분리기 → 지대포장 → 금속검출기 → 출하,https://raw.githubusercontent.com/k-jihee/images/main/GIS0032S(%20%EC%88%98%EC%B6%9C%EC%9A%A9%ED%91%9C%EC%A4%80%20(%ED%98%B8%EC%B2%A8)).jpg,옥수수 100%,"외국산(미국, 브라질, 우크라이나 등), 유전자변형",,,수출 성적서 확인 필요,"1. 수분(%) : 15.0 이하
2. 회분(%) : 0.4 이하
3. 산도(mL) : 3 이하",,크라프트지,
FG0004 : 전분,일반전분,GIC0034,전분,산업용,옥수수전분/BULK,2년,"28,311,520.00","33,480,780.00","36,126,600.00","주식회사 포스코, 태림포장(주)청원공장, 태림포장㈜",수전분 → 탈수 → 건조 → 사별1 → 저장 → 사별2 → 자석분리기 → BULK 포장 → 출하,한도견본 없음,옥수수 100%,"외국산(미국, 브라질, 우크라이나 등), 유전자변형",,"고유의 색택을 가진 분말로 이미,이취가 없어야 한다.","1. 수분(%) : 13 이하
2. pH(30%) : 4~7
3. 이물 : 불검출
4. 백도(%) : 88.0 이상
5. 조단백(%) : 0.35 이하
6. 회분(%) : 0.15 이하
7. 산도(mL) : 3 이하 ","1. 수분(%) : 15.0 이하
2. 회분(%) : 0.4 이하
3. 산도(mL) : 3 이하",,폴리에틸렌(P.E),
FG0004 : 전분,일반전분,GIC0034K,전분,산업용,옥수수전분/BULK/PH高,2년,"8,210,460.00","7,179,530.00","8,799,250.00","태림페이퍼㈜, 아세아제지(주)시화공장, 태림페이퍼(주)마산공장",수전분 → 탈수 → 건조 → 사별1 → 저장 → 사별2 → 자석분리기 → BULK 포장 → 출하,,옥수수 100%,"외국산(미국, 브라질, 우크라이나 등), 유전자변형",,"고유의 색택을 가진 분말로 이미,이취가 없어야 한다.","1. 수분(%) : 13 이하
2. pH(30%) : 4~7
3. 이물 : 불검출
4. 백도(%) : 88.0 이상
5. 조단백(%) : 0.35 이하
6. 회분(%) : 0.15 이하
7. 산도(mL) : 3 이하 ","1. 수분(%) : 15.0 이하
2. 회분(%) : 0.4 이하
3. 산도(mL) : 3 이하","아세아제지 VOC : 필터막힘현상
> 선호화로 필터막힘 후 조단백 뭉친것으로 판단
> 근본적인 원인은 조단백함량이 높은것 보다 가성소다를 많이 투입하여 전분과 가성소다가 만나 호화되어 뭉친거얌(가성소다는 pH를 높이는데 사용), 아세아제지는 자가변성?을 해서 발생하는거 라고 함",폴리에틸렌(P.E),
FG0004 : 전분,일반전분,GIC0041K,전분,산업용,옥수수전분/500KG/BAG/PH高,2년,"1,925,000.00","1,080,000.00","1,240,000.00","삼화제지(주)청원, 한솔제지㈜, 유한회사 사조씨피케이",수전분 → 탈수 → 건조 → 사별1 → 저장 → 사별2 → 자석분리기 → BAG 포장 → 출하,,옥수수 100%,"외국산(미국, 브라질, 우크라이나 등), 유전자변형",,"고유의 색택을 가진 분말로 이미,이취가 없어야 한다.","1. 수분(%) : 13 이하
2. pH(30%) : 6~7
3. 이물 : 불검출
4. 백도(%) : 88.0 이상
5. 조단백(%) : 0.35 이하
6. 회분(%) : 0.15 이하
7. 산도(mL) : 3 이하 ","1. 수분(%) : 15.0 이하
2. 회분(%) : 0.4 이하
3. 산도(mL) : 3 이하",,폴리에틸렌(P.E),
FG0004 : 전분,일반전분,GIC0041P,전분,산업용,옥수수전분/500KG/BAG,2년,"39,471,500.00","32,558,000.00","34,331,500.00","한솔제지㈜, 태림포장(주)포천공장, (주)영수식품",수전분 → 탈수 → 건조 → 사별1 → 저장 → 사별2 → 자석분리기 → BAG 포장 → 출하,https://raw.githubusercontent.com/k-jihee/images/main/GIC0041P(%EC%98%A5%EC%88%98%EC%88%98%EC%A0%84%EB%B6%84)%ED%99%8D%EC%9D%B8.JPG,옥수수 100%,"외국산(미국, 브라질, 우크라이나 등), 유전자변형",,"고유의 색택을 가진 분말로 이미,이취가 없어야 한다.","1. 수분(%) : 13 이하
2. pH(30%) : 4~7
3. 이물 : 불검출
4. Grits(%) : 0.1 이하
5. 백도(%) : 88.0 이상
6. 조단백(%) : 0.35 이하
7. 회분(%) : 0.15 이하
8. SO2(mg/kg) : 10 이하
9. 산도(mL) : 3 이하","1. 수분(%) : 15.0 이하
2. 회분(%) : 0.4 이하
3. 산도(mL) : 3 이하",,폴리에틸렌(P.E),
FG0004 : 전분,변성전분,GIC0127,전분,산업용,변성찰옥수수전분/400KG/BAG,2년,"119,200.00","179,200.00","136,000.00",??,수전분 → 탈수 → 건조 → 사별1 → 저장 → 사별2 → 자석분리기 → BAG 포장 → 출하,,찰옥수수전분 100%,찰옥수수 : 미국산,,,"1. 수분(%) : 8~10
2. pH(30%) : 5~7
3. 백도(%) : 95이상","1. 수분(%) : 15.0 이하
2. 회분(%) : 0.4 이하
3. 산도(mL) : 3 이하",,폴리에틸렌(P.E),젠글루 원료
FG0004 : 전분,변성전분,GIC1038N,산화전분,식품첨가물,썬배터/20KG/지대,없음,"552,580.00","237,720.00","384,280.00","(주)영수식품, 주식회사 새미상사, (주)선일상사",옥수수전분(울산입고) → 용해 → 반응 → 여과(Strainer) → 정제 → 탈수 → 건조 → 분쇄 → 사별1 → 자석분리기 → 저장 → 사별 2 → 자석분리기 → 지대포장 → 금속검출기 → 출하,https://raw.githubusercontent.com/k-jihee/images/main/GIC1038N(%EC%8D%AC%EB%B0%B0%ED%84%B0).jpg,옥수수전분 100%,"옥수수 : 외국산(러시아, 헝가리, 세르비아 등)","=- 차아염소산나트륨에 의한 산화반응한 변성전분
                                                                                                                                                                                                                                                                튀김옷이 바삭하며 오랫동안 바삭함을 유지할는 능력이 뛰어남
- 열에 안정하여 고온 튀김시에도 잘 타지 않음
- 흡유율이 낮아 느끼하지 않고 기름소비가 적음
- 부착력이 좋아 튀김옷과 고기 사이가 떨어지지 않음","백색의 분말로 이미, 이취가 없어야 한다. ","1. 수분(%) : 13.0 이하
2. pH(30%) : 5~7
3. 이물 : 적합
4. 백도(%) : 95 이상
5. 조단백(%) : 0.2 이하
6. 회분(%) : 1.5 이하
7. SO2(mg/kg) : 50 이하
8. 비소(mg/kg) : 1.3 이하
9. 납(mg/kg) : 2 이하
10. 중금속(mg/kg) : 40 이하
10. 산도(mL) : 3 이하
11. 확인시험 : 적합
12. 카르복실기(%) : 1.1 이하","1. 확인시험 : 적합
2. 비소(mg/kg) : 1.3 이하
3. 납(mg/kg) : 2 이하
4. SO2(mg/kg) : 50 이하
5. 카르복실기(%) : 1.1 이하",썬배터C(GIC9037N) 보다 산화반응처리를 적게한 제품으로 썬배터C보다 열에 강함 → 돈가쓰와 같이 열에 오랫동안 튀기는 제품에 적합함,크라프트지,"튀김(치킨, 돈가스, 탕수육 등)"
FG0004 : 전분,변성전분,GIC2040,,"산업용
(양곡가공업)",썬-텍스/22KG/지대,5년, 생산없음 ,"38,368.00","62,942.00","재경상사, 소재유통 주식회사","아쿠아스타(일반수전분반제품,GICT714BP) → 반응 → ",https://raw.githubusercontent.com/k-jihee/images/main/GIC2040(%EC%8D%AC-%ED%85%8D%EC%8A%A4).jpg,옥수수 100%,"외국산(미국, 브라질, 우크라이나 등), 유전자변형",,,,,CAS No. 65996-63-6,크라프트지,
FG0004 : 전분,변성전분,GIC3005,"산화에스테르전분
(산화전분과 CAS 번호는 같은데 유형명이 달라 확인해보기)","산업용
(양곡가공업)",젠코트/22KG/지대,5년,"22,000.00","29,810.00","23,342.00","정은상사, (주)호수, 삼화제지(주)청원","아쿠아스타(일반수전분반제품,GICT714BP) →",https://raw.githubusercontent.com/k-jihee/images/main/GIC3005(%EC%A0%A0%EC%BD%94%ED%8A%B8).jpg,옥수수 100%,"외국산(미국, 브라질, 우크라이나 등), 유전자변형",,,,,CAS No. 65996-62-5,크라프트지,
FG0004 : 전분,변성전분,GIC3006,산화에스테르전분,"산업용
(양곡가공업)",젠코트/500KG/BAG,2년,"2,938,000.00","2,440,500.00","2,511,000.00","한솔제지㈜, 한국제지(주)서울, (모코드)한국제지(주)본사","아쿠아스타(일반수전분반제품,GICT714BP) →",https://raw.githubusercontent.com/k-jihee/images/main/GIC3006(%EC%A0%A0%EC%BD%94%ED%8A%B8)%ED%99%8D%EC%9D%B8.JPG,옥수수 100%,"외국산(미국, 브라질, 우크라이나 등), 유전자변형",,,,,CAS No. 65996-62-5,폴리에틸렌(P.E),
FG0004 : 전분,변성전분,GIC3007,산화에스테르전분,"산업용
(양곡가공업)",젠코트H/500KG/BAG,5년, 생산없음 ,"215,000.00","182,000.00","주식회사 에스에스푸드켐, 한솔제지㈜, (모코드)한국제지(주)본사","아쿠아스타(일반수전분반제품,GICT714BP) →",https://raw.githubusercontent.com/k-jihee/images/main/GIC3007(%EC%A0%A0%EC%BD%94%ED%8A%B8H)%EC%82%BC%EC%96%91%EC%82%AC_%ED%99%8D%EC%9D%B8.JPG,옥수수 100%,"외국산(미국, 브라질, 우크라이나 등), 유전자변형",,,,,CAS No. 65996-62-5,폴리에틸렌(P.E),
FG0004 : 전분,변성전분,GIC3011,산화전분,"산업용
(양곡가공업)",썬-사이즈/22KG/지대/점도10,5년,"225,566.00","233,530.00","274,582.00","주식회사 에스제이유통, 소재유통 주식회사, (주)영수식품","아쿠아스타(일반수전분반제품,GICT714BP) → 반응 → 중화 → 건조?? ",https://raw.githubusercontent.com/k-jihee/images/main/GIC3011(%EC%8D%AC-%EC%82%AC%EC%9D%B4%EC%A6%88).jpg,옥수수 100%,"외국산(미국, 브라질, 우크라이나 등), 유전자변형",,,,,CAS No. 65996-62-5,크라프트지,
FG0004 : 전분,변성전분,GIC3013,산화전분,"산업용
(양곡가공업)",썬-사이즈/500KG/BAG/점도10,2년,"3,652,000.00","3,977,000.00","4,432,000.00","소재유통 주식회사, 태림페이퍼(주)의령공장, 대한제지㈜","아쿠아스타(일반수전분반제품,GICT714BP) →",https://raw.githubusercontent.com/k-jihee/images/main/GIC3013(%EC%8D%AC-%EC%82%AC%EC%9D%B4%EC%A6%88)%ED%99%8D%EC%9D%B8.JPG,옥수수 100%,"외국산(미국, 브라질, 우크라이나 등), 유전자변형",,,,,CAS No. 65996-62-5,폴리에틸렌(P.E),
FG0004 : 전분,변성전분,GIC3020,산화전분,"산업용
(양곡가공업)",썬-사이즈/22KG/지대/점도20,3년,"39,446.00","4,400.00", 생산없음 ,"한국조폐공사, 국일제지㈜, 대덕지관","아쿠아스타(일반수전분반제품,GICT714BP) →",https://raw.githubusercontent.com/k-jihee/images/main/GIC3020(%EC%8D%AC-%EC%82%AC%EC%9D%B4%EC%A6%88).jpg,옥수수 100%,"외국산(미국, 브라질, 우크라이나 등), 유전자변형",,,,,CAS No. 65996-62-5,크라프트지,
FG0004 : 전분,변성전분,GIC3023P,산화전분,"산업용
(양곡가공업)",썬-사이즈/500KG/BAG/점도20,2년,"634,500.00","492,000.00","518,500.00","국일제지㈜, 한솔제지㈜, 우림피앤엘㈜","아쿠아스타(일반수전분반제품,GICT714BP) →",,옥수수 100%,"외국산(미국, 브라질, 우크라이나 등), 유전자변형",,,,,CAS No. 65996-62-5,폴리에틸렌(P.E),
FG0004 : 전분,변성전분,GIC3041,,"산업용
(양곡가공업)",젠집스타K/500KG/BAG,5년,"1,111,000.00","1,417,500.00","1,411,000.00","(주)케이씨씨 여천공장, 크나우프석고보드 주식회사","아쿠아스타(일반수전분반제품,GICT714BP) →",,옥수수 100%,"외국산(미국, 브라질, 우크라이나 등), 유전자변형",,,,,,폴리에틸렌(P.E),
FG0004 : 전분,변성전분,GIC3140,,"산업용
(양곡가공업)",플라이스타/500KG/BAG,2년,"2,681,000.00","2,481,000.00","3,943,500.00","한국제지(주)현풍, (모코드)한국제지(주)본사, 주식회사 케이씨씨 김천공장","아쿠아스타(일반수전분반제품,GICT714BP) →",https://raw.githubusercontent.com/k-jihee/images/main/GIC3140(%ED%94%8C%EB%9D%BC%EC%9D%B4%EC%8A%A4%ED%83%80)%EC%82%BC%EC%96%91%EC%82%AC.JPG,옥수수 100%,"외국산(미국, 브라질, 우크라이나 등), 유전자변형",,,,,,폴리에틸렌(P.E),
FG0004 : 전분,변성전분,GIC4020,전분가공품,식품용,썬프리젤/15KG/지대/GMO,2년, 생산없음 ,"23,055.00","31,320.00","롯데정밀화학㈜, 현진그린밀㈜, 대한푸드",옥수수전분 → 용해 → 건조(D/D) → 분쇄 → 사별1 → 자석분리기 → 저장 → 사별2 → 자석분리기 → 지대포장 → 금속검출기 → 출하,https://raw.githubusercontent.com/k-jihee/images/main/GIC4020(%EC%8D%AC%ED%94%84%EB%A6%AC%EC%A0%A4)_15kg.jpg,옥수수전분 100%,"옥수수 : 외국산(미국, 브라질, 우크라이나 등), 유전자변형","- 옥수수전분을 가열처리하여 호화(알파)한 전분
- 냉수에서 팽윤하여 점도 발현
- 열처리 필요성이 없어 저온가공 가능하며 열처리할 수 없는 제품의 증점, 증량제로 적합","고유의 색택을 가진 분말로 이미, 이취가 없어야 한다. ","1. 수분(%) : 10.0 이하
2. pH(3%) : 4~7
3. 조단백(%) : 0.35 이하
4. 회분(%) : 0.2 이하
5. 산도(mL) : 3 이하
6. 알파화도(%) : 85 이상
7. 입도 60# pass : 60~100","1. 이물 : 적합하여야 한다. 
2. 수분(%) : 15.0 이하",,크라프트지,"인스턴트 스낵/스프, 증점제, 빙과, 소시지, 어육가공품"
FG0004 : 전분,변성전분,GIC4021,전분가공품,식품용,썬프리젤/400KG/BAG/GMO,2년,"173,600.00","20,400.00","2,800.00",(주)가인에프엔비,옥수수전분 → 용해 → 건조(D/D) → 분쇄 → 사별1 → 자석분리기 → 저장 → 사별2 → 자석분리기 → BAG포장 → 출하,https://raw.githubusercontent.com/k-jihee/images/main/GIC4021(%EC%8D%AC%ED%94%84%EB%A6%AC%EC%A0%A4)%EC%82%BC%EC%96%91%EC%82%AC_%ED%99%8D%EC%9D%B8.JPG,옥수수전분 100%,"옥수수 : 외국산(미국, 브라질, 우크라이나 등), 유전자변형","- 옥수수전분을 가열처리하여 호화(알파)한 전분
- 냉수에서 팽윤하여 점도 발현
- 열처리 필요성이 없어 저온가공 가능하며 열처리할 수 없는 제품의 증점, 증량제로 적합","고유의 색택을 가진 분말로 이미, 이취가 없어야 한다. ","1. 수분(%) : 10.0 이하
2. pH(3%) : 4~7
3. 조단백(%) : 0.35 이하
4. 회분(%) : 0.2 이하
5. 산도(mL) : 3 이하
6. 알파화도(%) : 85 이상
7. 입도 60# pass : 60 이상","1. 이물 : 적합하여야 한다. 
2. 수분(%) : 15.0 이하",,크라프트지,"인스턴트 스낵/스프, 증점제, 빙과, 소시지, 어육가공품"
FG0004 : 전분,변성전분,GIC4028N,전분가공품,식품용,썬프리젤/15KG/지대,2년,"256,845.00","147,285.00","126,840.00","(주)선일상사, 씨제이제일제당(주)영등포공장, 현진그린밀㈜",옥수수전분(울산입고) → 용해 → 건조(D/D) → 분쇄 → 사별1 → 자석분리기 → 저장 → 사별2 → 자석분리기 → 지대포장 → 금속검출기 → 출하,https://raw.githubusercontent.com/k-jihee/images/main/GIC4028N(%EC%8D%AC%ED%94%84%EB%A6%AC%EC%A0%A4)_%EC%98%81%EC%96%91%EC%84%B1%EB%B6%84%EC%B6%94%EA%B0%80%EB%B0%8FCI%EB%B3%80%EA%B2%BD.jpg,옥수수전분 100%,"옥수수 : 외국산(러시아, 헝가리, 세르비아 등)","- 옥수수전분을 가열처리하여 호화(알파)한 전분
- 냉수에서 팽윤하여 점도 발현
- 열처리 필요성이 없어 저온가공 가능하며 열처리할 수 없는 제품의 증점, 증량제로 적합","고유의 색택을 가진 분말로 이미, 이취가 없어야 한다. ","1. 수분(%) : 10.0 이하
2. pH(3%) : 4~7
3. 조단백(%) : 0.35 이하
4. 회분(%) : 0.2 이하
5. 산도(mL) : 3 이하
6. 알파화도(%) : 85 이상
7. 입도 60# pass : 60 이상","1. 이물 : 적합하여야 한다. 
2. 수분(%) : 15.0 이하",,크라프트지,"인스턴트 스낵/스프, 증점제, 빙과, 소시지, 어육가공품"
FG0004 : 전분,변성전분,GIC4078N,올리고당가공품,식품용,썬포스200/20KG/지대,2년,"41,560.00","20,880.00","23,200.00","석호물산, 주식회사 수창, (주)풀무원",프락토올리고당(울산입고)+옥수수전분(울산입고)+유화제 → 용해 → 건조(D/D) → 분쇄 → 사별1 → 자석분리기 → 저장 → 사별2 → 자석분리기 → 지대포장 → 금속검출기 → 출하,https://raw.githubusercontent.com/k-jihee/images/main/GIC4078N(%EC%8D%AC%ED%8F%AC%EC%8A%A4200).jpg,"옥수수전분 59.4%, 프락토올리고당 39.6%,  유화제 1%","옥수수전분 : 외국산(러시아, 헝가리, 세르비아 등)
프락토올리고당 : 
유화제 : ","- 옥수수전분과 프락토올리고당을 혼합하여 알파화시킨 변성전분
- 프락토올리고당 함량 20% 이상의 프리바이오틱스 함유 제품
- 기능성사료로 사용이 적합하며 노화 억제 효과가 있음",백색의 분말로 이물이 없어야 한다. ,"1. 수분(%) : 10.0 이하
2. 납(mg/kg) : 1.0 이하
3. 프락토올리고함량(%) : 20 이상","1. 프락토올리고함량(%) : 개별 올리고당 함량 이상이어야 한다. 
2. 납(mg/kg) : 1.0 이하",,크라프트지,"사료(단미/배합사료), 식품용소스, 스프, 건강기능식품 등"
FG0004 : 전분,변성전분,GIC4088N,올리고당가공품,식품용,썬포스/20KG/지대,2년,"52,360.00","22,820.00","21,660.00","서울보덴상사, (주)동립산업, 정은상사",프락토올리고당(울산입고)+옥수수전분(울산입고)+유화제 → 용해 → 건조(D/D) → 분쇄 → 사별1 → 자석분리기 → 저장 → 사별2 → 자석분리기 → 지대포장 → 금속검출기 → 출하,https://raw.githubusercontent.com/k-jihee/images/main/GIC4088N(%EC%8D%AC%ED%8F%AC%EC%8A%A4).jpg,"프락토올리고당, 옥수수전분, 유화제","옥수수전분 : 외국산(러시아, 헝가리, 세르비아 등)
프락토올리고당 : 
유화제 : ","- 옥수수전분과 프락토올리고당을 혼합하여 알파화시킨 변성전분
- 프락토올리고당 함량 40% 이상의 프리바이오틱스 함유 제품
- 기능성사료로 사용이 적합하며 노화 억제 효과가 있음",백색의 분말로 이물이 없어야 한다. ,"1. 수분(%) : 10.0 이하
2. 납(mg/kg) : 1.0 이하
3. 프락토올리고함량(%) : 40 이상","1. 프락토올리고함량(%) : 개별 올리고당 함량 이상이어야 한다. 
2. 납(mg/kg) : 1.0 이하",,크라프트지,"식품용소스, 스프, 건강기능식품, 사료용 등"
FG0004 : 전분,변성전분,GIC4140N,전분가공품,식품용,트리스타 SL(에스엘)/15KG/지대,2년,"6,570.00","6,780.00", 생산없음 ,"롯데웰푸드㈜, (주)호수, 주식회사 수창, 주식회사 청수푸드",찰옥수수전분(울산입고) → 용해 → 산처리 → 중화 → 정제 → 건조(D/D) → 분쇄 → 사별1 → 자석분리기 → 저장 → 사별2 → 자석분리기 → 지대포장 → 금속검출기 → 출하,https://raw.githubusercontent.com/k-jihee/images/main/GIC4140N(%ED%8A%B8%EB%A6%AC%EC%8A%A4%ED%83%80SL(%EC%97%90%EC%8A%A4%EC%97%98)).jpg,찰옥수수전분 100%,찰옥수수 : 미국산,"=- 스낵용 도우 제조시 반죽의 탄력성이 높고 끈적임이 적어 성형성 우수
- 팽창력이 높아 베이킹 스낵제품에 적합하며 바삭한 식감 우수
- 스낵 내부조직이 균일하며 저장시간 경과에 따른 강도의 변화가 적음
- 타 알파전분에 비하여 흡수력이 우수","고유의 색택을 가진 조각, 무정형의 분말 또는 거친 입자로 이미, 이취가 없어야 한다.","1. 수분(%) : 15.0 이하
2. 이물 : 불합격","1. 이물 : 적합하여야 한다. 
2. 수분(%) : 15.0 이하",썬스낵과의 차이가 무엇인지? 식첨과 식품의 차이인가?,크라프트지,??
FG0004 : 전분,변성전분,GIC4150N,전분가공품,식품용,썬슈퍼젤/15KG/지대,2년,"1,209,240.00","1,234,155.00","1,124,820.00","(주)오리온, (주)빙그레, 해태제과식품(주)청주",찰옥수수전분(울산입고) → 용해 → 건조(D/D) → 분쇄 → 사별1 → 자석분리기 → 저장 → 사별2 → 자석분리기 → 지대포장 → 금속검출기 → 출하,https://raw.githubusercontent.com/k-jihee/images/main/GIC4150N(%EC%8D%AC%EC%8A%88%ED%8D%BC%EC%A0%A4).jpg,찰옥수수전분 100%,찰옥수수 : 미국산,"- 찰옥수수전분을 가열처리하여 호화(알파)한 전분
- 호액의 노화가 거의 없으며 팽화력, 점탄성, 점도안정성이 우수함","고유의 색택을 가진 분말로 이미, 이취가 없어야 한다. ","1. 수분(%) : 10.0 이하
2. pH(3%) : 4~7
3. 조단백(%) : 0.35 이하
4. 회분(%) : 0.2 이하
5. 알파화도(%) : 85 이상
6. 팽화력 : 26 이상
7. 입도 40# on : 3 이하
8. 입도 80# on : 10~40
9. 입도 120# on : 10~40
10. 입도 120# pass : 80 이하","1. 이물 : 적합하여야 한다. 
2. 수분(%) : 15.0 이하",,크라프트지,"스낵, 인스턴트식품(스프, 크림등), 증점제"
FG0004 : 전분,변성전분,GIC4170N,산화전분,식품첨가물,썬스낵/15KG/지대,없음,"42,075.00","42,075.00","40,710.00","오뚜기라면㈜, 현진그린밀㈜, ㈜에스피씨 지에프에스",찰옥수수전분(울산입고) → 용해 → 반응 → 여과(Strainer) → 정제 → 탈수 → 건조(D/D) → 분쇄 → 사별1 → 자석분리기 → 저장 → 사별 2 → 자석분리기 → 지대포장 → 금속검출기 → 출하,https://raw.githubusercontent.com/k-jihee/images/main/GIC4170N(%EC%8D%AC%EC%8A%A4%EB%82%B5).jpg,찰옥수수전분 100%,찰옥수수 : 미국산,"=- 차아염소산나트륨에 의한 산화반응한 변성전분
- 스낵용 도우 제조시 반죽의 탄력성이 높고 끈적임이 적어 성형성 우수
- 팽창력이 높아 베이킹 스낵제품에 적합하며 바삭한 식감 우수
- 스낵 내부조직이 균일하며 저장시간 경과에 따른 강도의 변화가 적음
- 타 알파전분에 비하여 흡수력이 우수","백색의 분말로 이미, 이취가 없어야 한다. ","1. 수분(%) : 10 이하
2. pH(1%) : 4~7
3. 이물 : 적합
4. SO2(mg/kg) : 50 이하
5. 비소(mg/kg) : 1.3 이하
6. 납(mg/kg) : 2 이하
7. 확인시험 : 적합
8. 카르복실기(%) : 1.1 이하","1. 확인시험 : 적합
2. 비소(mg/kg) : 1.3 이하
3. 납(mg/kg) : 2 이하
4. SO2(mg/kg) : 50 이하
5. 카르복실기(%) : 1.1 이하",트리스타SL과의 차이가 무엇인지? 식첨과 식품의 차이인가?,크라프트지,"스낵, 쿠키, 도넛, 핫도그, 튀김"
FG0004 : 전분,변성전분,GIC6011,양성전분,"산업용
(양곡가공업)",썬-캐스타/22KG/지대/치환도0.04,5년,"26,400.00","29,700.00","28,600.00","국일제지㈜, 우림피앤엘㈜, 주식회사 새미상사","아쿠아스타(일반수전분반제품,GICT714BP) →",https://raw.githubusercontent.com/k-jihee/images/main/GIC6011(%EC%8D%AC-%EC%BA%90%EC%8A%A4%ED%83%80%2C22kg).jpg,옥수수 100%,"외국산(미국, 브라질, 우크라이나 등), 유전자변형","펄프섬유간 결합력이 우수하여 종이의 물리적 강도개선에 우수함, 충전물 및 미세섬유의 친화력이 강하여 보류울이 향상됨",백색의 분말로 이물이 없어야 한다. ,"1. 수분(%) : 15 이하
2. pH(5%) : 5~7
3. 치환도(%) : 0.035~0.049",확인 필요,,크라프트지,"제지산업 : 제지 내첨용 지력증강제 및 층간결합 향상제,
폐수처리 : 폐수산업의 양이온 고분자"
FG0004 : 전분,변성전분,GIC6020,양성전분,"산업용
(양곡가공업)",썬-캐스타/500KG/BAG/치환도0.04,2년,"1,171,000.00","1,255,500.00","1,170,500.00",한솔제지㈜,"아쿠아스타(일반수전분반제품,GICT714BP) →",https://raw.githubusercontent.com/k-jihee/images/main/GIC6011(%EC%8D%AC-%EC%BA%90%EC%8A%A4%ED%83%80%2C22kg).jpg,옥수수 100%,"외국산(미국, 브라질, 우크라이나 등), 유전자변형",,백색의 분말로 이물이 없어야 한다. ,"1. 수분(%) : 15 이하
2. pH(5%) : 5~7
3. 치환도(%) : 0.035~0.049",확인 필요,,폴리에틸렌(P.E),
FG0004 : 전분,변성전분,GIC6060,양성전분,"산업용
(양곡가공업)",썬-캐스타/500KG/BAG/치환도0.06,2년,"6,766,500.00","4,250,500.00","5,342,000.00",한솔제지㈜,"아쿠아스타(일반수전분반제품,GICT714BP) →",https://raw.githubusercontent.com/k-jihee/images/main/GIC6060(%EC%8D%AC-%EC%BA%90%EC%8A%A4%ED%83%80)%ED%99%8D%EC%9D%B8.JPG,옥수수 100%,"외국산(미국, 브라질, 우크라이나 등), 유전자변형",,백색의 분말로 이물이 없어야 한다. ,"1. 수분(%) : 15 이하
2. pH(5%) : 5~7
3. 치환도(%) : 0.05~0.069
4. 백도(%) : 87.0 이상
5. 호화개시온도(℃) : 52 이상",확인 필요,,폴리에틸렌(P.E),
FG0004 : 전분,변성전분,GIC6080,양성전분,"산업용
(양곡가공업)",썬-캐스타/500KG/BAG/치환도0.08,2년,"4,574,500.00","3,789,500.00","4,960,500.00","한솔제지㈜, 주식회사 전주페이퍼, 소재유통 주식회사","아쿠아스타(일반수전분반제품,GICT714BP) →",https://raw.githubusercontent.com/k-jihee/images/main/GIC6080(%EC%8D%AC-%EC%BA%90%EC%8A%A4%ED%83%80)%ED%99%8D%EC%9D%B8.JPG,옥수수 100%,"외국산(미국, 브라질, 우크라이나 등), 유전자변형",,백색의 분말로 이물이 없어야 한다. ,"1. 수분(%) : 15 이하
2. pH(5%) : 5~7
3. 치환도(%) : 0.07~0.08
4. 점도(BU) : 기준없음(고객사 요청으로 결과만 입력)",확인 필요,건식반응공정(유일함),폴리에틸렌(P.E),
FG0004 : 전분,변성전분,GIC6090,양쪽성전분,"산업용
(양곡가공업)",듀얼스타/500KG/BAG,2년,"4,333,500.00","3,597,500.00","4,347,000.00","무림페이퍼 ㈜, 한솔제지㈜","아쿠아스타(일반수전분반제품,GICT714BP) →",https://raw.githubusercontent.com/k-jihee/images/main/GIC6090(%EB%93%80%EC%96%BC%EC%8A%A4%ED%83%80)%EC%82%BC%EC%96%91%EC%82%AC_%ED%99%8D%EC%9D%B8.JPG,옥수수 100%,"외국산(미국, 브라질, 우크라이나 등), 유전자변형",,백색의 분말로 이물이 없어야 한다. ,"1. 수분(%) : 15 이하
2. pH(5%) : 7~9
3. 치환도(%) : 0.07~0.08",확인 필요,,폴리에틸렌(P.E),
FG0004 : 전분,변성전분,GIC6091,양쪽성전분,"산업용
(양곡가공업)",듀얼스타/22KG/지대,5년,"358,754.00","299,266.00","237,622.00","삼화제지(주)청원, 한솔제지㈜","아쿠아스타(일반수전분반제품,GICT714BP) →",https://raw.githubusercontent.com/k-jihee/images/main/GIC6091(%EB%93%80%EC%96%BC%EC%8A%A4%ED%83%80).jpg,옥수수 100%,"외국산(미국, 브라질, 우크라이나 등), 유전자변형",,백색의 분말로 이물이 없어야 한다. ,"1. 수분(%) : 15 이하
2. pH(5%) : 7~9
3. 치환도(%) : 0.07~0.08",확인 필요,,크라프트지,
FG0004 : 전분,변성전분,GIC7078N,가교전분,"산업용
(양곡가공업)",썬-스타/22KG/지대,5년,"16,500.00", 생산없음 ,"16,500.00",상연상사,"아쿠아스타(일반수전분반제품,GICT714BP) →",https://raw.githubusercontent.com/k-jihee/images/main/GIC7078N(%EC%8D%AC-%EC%8A%A4%ED%83%80).jpg,옥수수 100%,"외국산(러시아, 헝가리, 세르비아 등)",,백색의 분말로 이물이 없어야 한다. ,"1. 수분(%) : 13 이하
2. pH(30%) : 10~10.8
3.회분(%) : 3 이하
4. 침전실험(mL) : 45~75",확인 필요,CAS No. 55963-33-2,,
FG0004 : 전분,변성전분,GIC9029N,초산전분,식품첨가물,썬에이스H/20KG/지대,없음,"101,440.00","70,960.00","90,360.00","주식회사 에스제이유통, 롯데웰푸드㈜, 현진그린밀㈜",옥수수전분(울산입고) → 용해 → 반응 → 여과(Strainer) → 정제 → 탈수 → 건조 → 분쇄 → 사별1 → 자석분리기 → 저장 → 사별 2 → 자석분리기 → 지대포장 → 금속검출기 → 출하,https://raw.githubusercontent.com/k-jihee/images/main/GIC9029N(%EC%8D%AC%EC%97%90%EC%9D%B4%EC%8A%A4H).jpg,옥수수전분 100%,"옥수수 : 외국산(러시아, 헝가리, 세르비아 등)","=- 무수초산 또는 초산비닐에 의한 에스테르화 반응
- 수분 보유력이 우수하여 제품에 첨가 시 보수력 우수
- 보수력 향상에 의한 최종 제품 수율 증가
- 육가공 제품에 적용 시 고유의 경도와 탄성을 증진시켜 식감 향상
- 소시지의 지방 함량 감량 시 탄성과 보형성 제공","백색의 분말로 이미, 이취가 없어야 한다. ","1. 수분(%) : 15.0 이하
2. pH(20%) : 4~8
3. 회분(%) : 0.6 이하
4. SO2(mg/kg) : 50 이하
5. 비소(mg/kg) : 1.3 이하
6. 납(mg/kg) : 2 이하
7. 아세틸기(%) : 2.5 이하
8. 확인시험 : 적합","1. 확인시험 : 적합
2. 비소(mg/kg) : 1.3 이하
3. 납(mg/kg) : 2 이하
4. SO2(mg/kg) : 50 이하
5. 아세틸기기(%) : 2.5 이하",,크라프트지,육가공품
FG0004 : 전분,변성전분,GIC9037N,산화전분,식품첨가물,썬배터C/20KG/지대,없음,"306,600.00","346,240.00","365,920.00","주식회사 새미상사, 씨 에스 에프㈜, 주식회사 선일종합식품",옥수수전분(울산입고) → 용해 → 반응 → 여과(Strainer) → 정제 → 탈수 → 건조 → 분쇄 → 사별1 → 자석분리기 → 저장 → 사별 2 → 자석분리기 → 지대포장 → 금속검출기 → 출하,https://raw.githubusercontent.com/k-jihee/images/main/GIC9037N(%EC%8D%AC%EB%B0%B0%ED%84%B0C).jpg,옥수수전분 100%,"옥수수 : 외국산(러시아, 헝가리, 세르비아 등)","=- 차아염소산나트륨에 의한 산화반응한 변성전분
- 튀김반죽 제조시 분산성이 좋으며 균일한 반죽점도 유지
- 튀김물에 균일하게 반죽이 부착되며 튀김물과의 결착력 우수
- 튀김옷이 바삭하며 오랫동안 바삭함을 유지하는 능력이 뛰어남
- 전부의 분산성이 우수하고 호액이 투명하며 점도가 낮아 타분용으로 적합
- 제과 적용시 바삭한 식감 부여 및 보형성 증가","고유의 색택을 가진 분말로 이미, 이취가 없어야 한다. ","1. 수분(%) : 13 이하
2. pH(30%) : 4~7
3. 이물 : 적합
4. SO2(mg/kg) : 50 이하
5. 비소(mg/kg) : 1.3 이하
6. 납(mg/kg) : 2 이하
7. 확인시험 : 적합
8. 카르복실기(%) : 1.1 이하","1. 확인시험 : 적합
2. 비소(mg/kg) : 1.3 이하
3. 납(mg/kg) : 2 이하
4. SO2(mg/kg) : 50 이하
5. 카르복실기(%) : 1.1 이하",썬배터(GIC1038N) 보다 산화반응처리를 많이한 제품으로 썬배터보다 열에 취약함 → 새우튀김과 같이 열에 짧게 튀기는 제품에 적합함,크라프트지,"튀김(새우튀김, 군만두등)"
FG0004 : 전분,변성전분,GIC9058N,옥테닐호박산나트륨전분,식품첨가물,썬프리/22KG/지대,없음,"24,090.00","11,154.00","20,482.00","주식회사 다인내츄럴, (주)호수, (주)세원물산",옥수수전분(울산입고) → 용해 → 반응 → 여과(Strainer) → 정제 → 탈수 → 건조 → 분쇄 → 사별1 → 자석분리기 → 저장 → 사별 2 → 자석분리기 → 지대포장 → 금속검출기 → 출하,https://raw.githubusercontent.com/k-jihee/images/main/GIC9058N(%EC%8D%AC%ED%94%84%EB%A6%AC).jpg,옥수수전분 100%,"옥수수 : 외국산(러시아, 헝가리, 세르비아 등)",무수옥테닐호박산에 의한 에스테르화 반응,백색 또는 거의 백색의 분말로 이취가 없어야 한다.,"1. 수분(%) : 13 이하
2. pH(30%) : 4~8
3. 이물 : 불검출
4. 치환도(%) : 0.005~0.020
5. 회분(%) : 0.6 이하 
6. SO2(mg/kg) : 50 이하
7. 확인시험 : 적합","1. 확인시험 : 적합
2. 비소(mg/kg) : 1.3 이하
3. 납(mg/kg) : 2.0 이하
4. SO2(mg/kg) : 50 이하
5. 치환도(%) : 0.02 이하",,크라프트지,
FG0004 : 전분,변성전분,GIC9061N,옥테닐호박산나트륨전분,식품첨가물,썬프리H/20KG/지대,없음,"5,940.00", 생산없음 ,"6,100.00","롯데웰푸드㈜, (주)호수, 주식회사 선한상사",옥수수전분(울산입고) → 용해 → 반응 → 여과(Strainer) → 정제 → 탈수 → 건조 → 분쇄 → 사별1 → 자석분리기 → 저장 → 사별 2 → 자석분리기 → 지대포장 → 금속검출기 → 출하,확인해보기,옥수수전분 100%,"옥수수 : 외국산(러시아, 헝가리, 세르비아 등)",무수옥테닐호박산에 의한 에스테르화 반응,백색 또는 거의 백색의 분말로 이취가 없어야 한다.,"1. 수분(%) : 13 이하
2. pH(30%) : 4~8
3. 이물 : 불검출
4. 치환도(%) : 0.020 이하
5. 회분(%) : 1.0 이하 
6. SO2(mg/kg) : 50 이하
7. 비소(mg/kg) : 1.3 이하
8. 납(mg/kg) : 2.0 이하
9. 확인시험 : 적합","1. 확인시험 : 적합
2. 비소(mg/kg) : 1.3 이하
3. 납(mg/kg) : 2.0 이하
4. SO2(mg/kg) : 50 이하
5. 치환도(%) : 0.02 이하",,크라프트지,
FG0004 : 전분,변성전분,GIC9111N,아세틸아디프산이전분,식품첨가물,썬텐더/20KG/지대,없음,"213,820.00","255,620.00","311,340.00","(주)선일상사, 주식회사 수창, 정우통상㈜",찰옥수수전분(울산입고) → 용해 → 반응 → 여과(Strainer) → 정제 → 탈수 → 건조 → 분쇄 → 사별1 → 자석분리기 → 저장 → 사별 2 → 자석분리기 → 지대포장 → 금속검출기 → 출하,https://raw.githubusercontent.com/k-jihee/images/main/GIC9111N(%EC%8D%AC%ED%85%90%EB%8D%94)_20kg.jpg,찰옥수수전분 100%,찰옥수수 : 미국산,"=- 무수아디핀산 및 무수초산에 의한 에스테르화 반응한 변성전분
- 냉동안정성 및 호액의 안정성이 우수하여 냉동 식품이나 저온식품에 사용가능(노화안정성)
- 내 전단성 및 내열성이 우수하여 시간이 경과하여도 호액 물성의 변화가 적음(내열 내산성)
- 호액 물성은 Short body texture로 기계적 필링작업성 우수
- 식품 증정, 안정제 및 증량제로 사용 가능","고유의 색택을 가진 분말로 이미, 이취가 없어야 한다. ","1. 수분(%) : 13 이하
2. pH(30%) : 5.0~7.0
3. 조단백(%) : 0.35 이하
4. 회분(%) : 0.6 이하
5. SO2(mg/kg) : 50 이하
6. 비소(mg/kg) : 1.3 이하
7. 납(mg/kg) : 2.0 이하
8. 아세틸기(%) : 2.5 이하
9. 아디프산기(%) : 0.135 이하
10. 조지방(%) : 0.15 이하
11. 확인시험 : 적합","1. 확인시험 : 적합
2. 비소(mg/kg) : 1.3 이하
3. 납(mg/kg) : 2.0 이하
4. SO2(mg/kg) : 50 이하
5. 아디프산기(%) : 0.135 이하
6. 아세틸기(%) : 2.5 이하",썬텐더H(GIC9115N) 대비 점도가 낮으며 강산 조건에서 안정함,크라프트지,"소스, 베이커리필링, 앙금"
FG0004 : 전분,변성전분,GIC9115N,아세틸아디프산이전분,식품첨가물,썬텐더H/20KG/지대,없음,"122,480.00","167,460.00","192,920.00","(주)가인에프엔비, (주)이시푸드(E.C Food Co.,LTD), 제넥스상사 주식회사",찰옥수수전분(울산입고) → 용해 → 반응 → 여과(Strainer) → 정제 → 탈수 → 건조 → 분쇄 → 사별1 → 자석분리기 → 저장 → 사별 2 → 자석분리기 → 지대포장 → 금속검출기 → 출하,https://raw.githubusercontent.com/k-jihee/images/main/GIC9115N(%EC%8D%AC%ED%85%90%EB%8D%94H)_20kg.jpg,찰옥수수전분 100%,찰옥수수 : 미국산,"=- 무수아디핀산 및 무수초산에 의한 에스테르화 반응한 변성전분
- 냉동안정성 및 호액의 안정성이 우수하여 냉동 식품이나 저온식품에 사용가능(노화안정성)
- 내 전단성 및 내열성이 우수하여 시간이 경과하여도 호액 물성의 변화가 적음(내열 내산성)
- 호액 물성은 Short body texture로 기계적 필링작업성 우수
- 식품 증정, 안정제 및 증량제로 사용 가능",백색의 분말로 이물이 없어야 한다. ,"1. 수분(%) : 13 이하
2. pH(30%) : 5.0~7.0
3. SO2(mg/kg) : 50 이하
4. 비소(mg/kg) : 1.3 이하
5. 납(mg/kg) : 2.0 이하
6. 아세틸기(%) : 2.5 이하
7. 아디프산기(%) : 0.135 이하
8. 확인시험 : 적합","1. 확인시험 : 적합
2. 비소(mg/kg) : 1.3 이하
3. 납(mg/kg) : 2.0 이하
4. SO2(mg/kg) : 50 이하
5. 아디프산기(%) : 0.135 이하
6. 아세틸기(%) : 2.5 이하",썬텐더(GIC9111N) 대비 점도가 높으며 중성 pH 조건에서 안정함,크라프트지,"소스, 베이커리필링, 앙금"
FG0004 : 전분,변성전분,GIC9140N,아세틸아디프산이전분,식품첨가물,썬크리미/15KG/지대,없음,"152,070.00","165,345.00","179,955.00","씨제이제일제당(주)영등포공장, (주)선인, (주)선일상사",찰옥수수전분(울산입고) → 용해 → 반응 → 여과(Strainer) → 정제 → 탈수 → 건조 → 분쇄 → 사별1 → 자석분리기 → 저장 → 사별 2 → 자석분리기 → 지대포장 → 금속검출기 → 출하,https://raw.githubusercontent.com/k-jihee/images/main/GIC9140N(%EC%8D%AC%ED%81%AC%EB%A6%AC%EB%AF%B8)_15kg.jpg,찰옥수수전분 100%,찰옥수수 : 미국산,"=- 무수아디핀산 및 무수초산에 의한 에스테르화 반응한 변성전분
- 냉동안정성 및 호액의 안정성이 우수하여 냉동식품이나 저온식품에 사용가능
- 내노화성이 우수하여 제품에 노화 방지 효과
- 냉수에 용해되어 점도가 발생되므로 별도의 가열 공정이 필요 없음
- 수분 보유력이 우수하여 제과 제빵 적용시 촉촉한 식감 증대 및 유지
- 호액 제조시 유동성 우수하여 기계적 filling 작업 용이","고유의 색택을 가진 분말로 이미, 이취가 없어야 한다. ","1. 수분(%) : 10 이하
2. pH(1%) : 4.0~7.0
3. 이물 : 적합
4. SO2(mg/kg) : 50 이하
5. 비소(mg/kg) : 1.3 이하
6. 납(mg/kg) : 2.0 이하
7. 아세틸기(%) : 2.5 이하
8. 아디프산기(%) : 0.135 이하
9. 확인시험 : 적합","1. 확인시험 : 적합
2. 비소(mg/kg) : 1.3 이하
3. 납(mg/kg) : 2.0 이하
4. SO2(mg/kg) : 50 이하
5. 아디프산기(%) : 0.135 이하
6. 아세틸기(%) : 2.5 이하",썬크리미H(GIC9143N) 대비 가교제가 적게 투입되어 점도가 높음,크라프트지,"베이커리믹스, 냉동제품, 소스"
FG0004 : 전분,변성전분,GIC9143N,아세틸아디프산이전분,식품첨가물,썬크리미H/15KG/지대,없음,"65,730.00","83,190.00","81,810.00","한국프리믹스, (주)이시푸드(E.C Food Co.,LTD), (주)호수",찰옥수수전분(울산입고) → 용해 → 반응 → 여과(Strainer) → 정제 → 탈수 → 건조(D/D) → 분쇄 → 사별1 → 자석분리기 → 저장 → 사별 2 → 자석분리기 → 지대포장 → 금속검출기 → 출하,https://raw.githubusercontent.com/k-jihee/images/main/GIC9143N(%EC%8D%AC%ED%81%AC%EB%A6%AC%EB%AF%B8H)_15kg.jpg,찰옥수수전분 100%,찰옥수수 : 미국산,"=- 무수아디핀산 및 무수초산에 의한 에스테르화 반응한 변성전분
- 냉동안정성 및 호액의 안정성이 우수하여 냉동식품이나 저온식품에 사용가능
- 내노화성이 우수하여 제품에 노화 방지 효과
- 냉수에 용해되어 점도가 발생되므로 별도의 가열 공정이 필요 없음
- 수분 보유력이 우수하여 제과 제빵 적용시 촉촉한 식감 증대 및 유지
- 호액 제조시 유동성 우수하여 기계적 filling 작업 용이","백색의 분말로 이미, 이취가 없어야 한다. ","1. 수분(%) : 10 이하
2. pH(1%) : 4.0~7.0
3. 이물 : 적합
4. SO2(mg/kg) : 50 이하
5. 비소(mg/kg) : 1.3 이하
6. 납(mg/kg) : 2.0 이하
7. 아세틸기(%) : 2.5 이하
8. 아디프산기(%) : 0.135 이하
9. 확인시험 : 적합
10. 중금속(mg/kg) : 40 이하","1. 확인시험 : 적합
2. 비소(mg/kg) : 1.3 이하
3. 납(mg/kg) : 2.0 이하
4. SO2(mg/kg) : 50 이하
5. 아디프산기(%) : 0.135 이하
6. 아세틸기(%) : 2.5 이하",썬크리미(GIC9140N) 대비 가교제가 많이 투입되어 short texture에 우수함,크라프트지,"베이커리믹스, 냉동제품, 소스, 필링"
FG0004 : 전분,변성전분,GIT7033,혼합제제,식품첨가물,썬믹스알파/15KG/지대,없음,"32,580.00","43,380.00","20,865.00","정우통상㈜, 현진그린밀㈜, (주)선일상사",썬믹스NH → 용해 → 건조(D/D) → 분쇄 → 사별1 → 자석분리기 → 저장 → 사별2 → 자석분리기 → 지대포장 → 금속검출기 → 출하,https://raw.githubusercontent.com/k-jihee/images/main/GIT7033(%EC%8D%AC%EB%AF%B9%EC%8A%A4%EC%95%8C%ED%8C%8C).jpg,"혼합제제(인산이전분 89%, 덱스트린 11%)",태국산,"=- 스낵 및 베이커리 제품에 적합한 식품용 타피오카변성 알파 전분
- 베이커리/스낵 제조 시 반죽 안정성 증대
- 스낵의 바삭한 식감 구현 및 깨짐성 방지
- 저장시간 경과에 따른 강도의 변화가 적어 깨짐성 방지
- 수분 보유력 및 노화안정성 우수","고유의 색택을 가진 분말로 이미, 이취가 없어야 한다. ","1. 수분(%) : 10 이하
2. pH(1%) : 4.0~7.0
3. 이물 : 적합
4. 조단백(%) : 0.3 이하
5. 회분(%) : 0.5 이하
6. 비소(mg/kg) : 0 이하
7. 납(mg/kg) : 0 이하
8. 중금속(mg/kg) : 0 이하
9. 알파화도(%) : 85 이상
10. 입도 100# pass : 95 이상","1. 비소(mg/kg) : 1.4 이하
2. 납(mg/kg) : 1.9 이하",,크라프트지,"제과, 제빵, 베이킹 스택, 이스트 도넛 "
FG0006 : 알룰로스,알룰로스 액상,GISQ1904N,당류가공품,식품용,"액상알룰로스/1,000/IBC",1년, 생산없음 , 생산없음 ,"48,000.00","(주)동원홈푸드, (주)호수, 주식회사 장앤진",울산 2공장에서 생산,,기타과당 100%,"태국, 호주 등","- 설탕 대비 감미도 70%
- 0 Kacl 소재 
- 깔끔하고 청량한 단맛
- 과당과 유사한 물성
- 설탕과 유사한 착색도 
- 보습성 개선
",무색 내지 미황색의 감미가 있는 점조성의 액상이어야 한다. ,"1. 액상알룰로스 함량(DS%) : 95 이상
2. R-Brix(20℃) : 68 이상 70 미만
3. 이물 : 불검출
4. 대장균 : 음성
5. pH(10%) : 3~7 
6. CV(30%) : 85 이상
7. 납(mg/kg) : 0.5 이하","1. 대장균 : n=5, c=1, m=0, M=10",울산 2공장 소분제품,폴리에틸렌(P.E),"음료, 주류, 스낵류 등"
FG0006 : 알룰로스,알룰로스 액상,GISQ1907N,당류가공품,식품용,"액상알룰로스/1,300/IBC",1년, 생산없음 , 생산없음 ,"52,000.00","(주)동원홈푸드, ㈜ 엠에스에프솔루션",울산 2공장에서 생산,,기타과당 100%,"태국, 호주 등","- 설탕 대비 감미도 70%
- 0 Kacl 소재 
- 깔끔하고 청량한 단맛
- 과당과 유사한 물성
- 설탕과 유사한 착색도 
- 보습성 개선
",무색 내지 미황색의 감미가 있는 점조성의 액상이어야 한다. ,"1. 액상알룰로스 함량(DS%) : 95 이상
2. R-Brix(20℃) : 68 이상 70 미만
3. 이물 : 불검출
4. 대장균 : 음성
5. pH(10%) : 3~7 
6. CV(30%) : 85 이상
7. 납(mg/kg) : 0.5 이하","1. 대장균 : n=5, c=1, m=0, M=10",울산 2공장 소분제품,폴리에틸렌(P.E),"음료, 주류, 스낵류 등"
FG0007 : 올리고당,이소말토올리고 액상,GIN1210,올리고당,식품용,이소말토올리고당/T.L,2년,"532,670.00","612,610.00","623,150.00","조흥상사, 샘표식품㈜, (주)케이이상사",수전분 → 액화 → 당화 → 진공여과 → 탈색여과 → 이온정제 → 농축 → 저장 → 여과 → 포장 → 출하,한도견본 없음,옥수수전분 100%,"옥수수 : 외국산(미국, 브라질, 우크라이나 등)","=- 물엿과 유사한 감미질을 가진 올리고당
- 묵진한 단맛으로 바디감 개선 또는 점도 향상 목적을 위해 사용","무색 투명한 액체로 이미, 이취 이물이 없어야 한다. ","1. 수분(%) : 25 이하
2. 올리고당함량(%) : 50 이상(이소말토올리고당 무수물기준)
3. pH(30%) : 4.5~7
4. Ash(%) : 0.1 이하
5. CV(30%) : 95 이상
6. 납(mg/kg) : 1.0 이하","1. 올리고당함량(%) : 10 이상(이소말토올리고당)
2. 납(mg/kg) : 1.0 이하",,T/L,"음료,유제품, 제과, 제빵, 당과, 주류 "
FG0007 : 올리고당,이소말토올리고 액상,GIN1211,올리고당,식품용,이소말토올리고당/25KG/CAN,2년,"752,275.00","916,075.00","773,300.00","(주)선일상사, (주)선인, 대한상사",수전분 → 액화 → 당화 → 진공여과 → 탈색여과 → 이온정제 → 농축 → 저장 → 여과 → 포장 → 출하,https://raw.githubusercontent.com/k-jihee/images/main/GIN1211(%EC%9D%B4%EC%86%8C%EB%A7%90%ED%86%A0%EC%98%AC%EB%A6%AC%EA%B3%A0%EB%8B%B9).JPG,옥수수전분 100%,"옥수수 : 외국산(미국, 브라질, 우크라이나 등)","=- 물엿과 유사한 감미질을 가진 올리고당
- 묵진한 단맛으로 바디감 개선 또는 점도 향상 목적을 위해 사용","무색 투명한 액체로 이미, 이취 이물이 없어야 한다. ","1. 수분(%) : 25 이하
2. 올리고당함량(%) : 50 이상(이소말토올리고당 무수물기준)
3. pH(30%) : 4.5~7
4. Ash(%) : 0.1 이하
5. CV(30%) : 95 이상
6. 납(mg/kg) : 1.0 이하","1. 올리고당함량(%) : 10 이상(이소말토올리고당)
2. 납(mg/kg) : 1.0 이하",,"에폭시수지, 폴리에틸렌(P.E)캡","음료,유제품, 제과, 제빵, 당과, 주류 "
FG0007 : 올리고당,이소말토올리고 액상,GIN1220N,올리고당,식품용,올리고파우더BUP/20KG/지대,2년,"121,300.00","89,960.00","44,960.00","(주)케이이상사, ㈜ 엠에스에프솔루션, 주식회사 선일에프앤씨",울산 2공장 이소말토올리고당M200(수전분 → 액화 → 당화 → 진공여과 → 탈색여과 → 이온정제 → 농축) → 인천 1공장 이송 → 분무건조 → 저장 → 자석분리기 → 사별 → 지대포장 → 금속검출기 → 출하,https://raw.githubusercontent.com/k-jihee/images/main/GIN1220(%EC%98%AC%EB%A6%AC%EA%B3%A0%ED%8C%8C%EC%9A%B0%EB%8D%94BUP)%EC%82%BC%EC%96%91%EC%82%AC_%ED%99%8D%EC%9D%B8.JPG,옥수수전분 100%,"옥수수 : 외국산(러시아, 헝가리, 세르비아 등)",,"고유의 색택을 가지고 이미, 이취가 없어야 한다. ","1. 수분(%) : 10.0 이하
2. 올리고당함량(%) : 14.0 이상(이소말토올리고당 무수물기준)
3. 포도당당량(D.E) : 25~30
4. pH(10%) : 4.5~7
5. 납(mg/kg) : 1.0 이하","1. 올리고당함량(%) : 10 이상(이소말토올리고당)
2. 납(mg/kg) : 1.0 이하",울산2공장(이소말토올리고당M200) 이체 후 분무,폴리에틸렌(P.E),
FG0007 : 올리고당,이소말토올리고 분말,GIN1220,올리고당,식품용,올리고파우더BUP/20KG/지대,2년," 생산없음
(25년 신규코드) "," 생산없음
(25년 신규코드) "," 생산없음
(25년 신규코드) ",신규 코드,인천 1공장 이소말토올리고당M200 → 분무건조 → 저장 → 자석분리기 → 사별 → 지대포장 → 금속검출기 → 출하,https://raw.githubusercontent.com/k-jihee/images/main/GIN1220N(%EC%98%AC%EB%A6%AC%EA%B3%A0%ED%8C%8C%EC%9A%B0%EB%8D%94BUP)%EC%82%BC%EC%96%91%EC%82%AC_%ED%99%8D%EC%9D%B8.JPG,옥수수전분 100%,"옥수수 : 외국산(미국, 브라질, 우크라이나 등)",,"고유의 색택을 가지고 이미, 이취가 없어야 한다. ","1. 수분(%) : 10.0 이하
2. 올리고당함량(%) : 14.0 이상(이소말토올리고당 무수물기준)
3. 포도당당량(D.E) : 25~30
4. pH(10%) : 4.5~7
5. 납(mg/kg) : 1.0 이하","1. 올리고당함량(%) : 10 이상(이소말토올리고당)
2. 납(mg/kg) : 1.0 이하",,폴리에틸렌(P.E),
FG0007 : 올리고당,이소말토올리고 분말,GIN1221,올리고당,식품용,이소말토올리고당M200/25KG/Can,2년,"168,125.00","334,325.00","260,300.00","주식회사 수창, 아그라나프루트코리아 주식회사, 길창상사",수전분 → 액화 → 당화 → 진공여과 → 탈색여과 → 이온정제 → 농축 → 저장 → 여과 → 포장 → 출하,https://raw.githubusercontent.com/k-jihee/images/main/GIN1221(%EC%9D%B4%EC%86%8C%EB%A7%90%ED%86%A0%EC%98%AC%EB%A6%AC%EA%B3%A0%EB%8B%B9%20M200).JPG,옥수수전분 100%,"옥수수 : 외국산(미국, 브라질, 우크라이나 등)","- 당류저감에 적합한 소재 (당류 함량 20%이하, 설탕 대비 감미도 25%)
- 물엿과 유사한 감미질을 가진 올리고당
- 묵직한 단맛으로 바디감 개선 또는 점도 향상 목적을 위해 사용됨
- 고열/강산성 조건에서도 안정성이 높음",고유의 색택과 감미를 갖는 점조성의 액상,"1. 당류함량(DS%) : 18 이하
2. Brix : 75 이상
3. 올리고당함량(%) : 14.0 이상(이소말토올리고당 무수물기준)
4. 이물 : 적합
5. 포도당당량(D.E) : 25~30
6. pH(10%) : 4.5~7
7. T-color(30%) : 98.0 이상
8. 납(mg/kg) : 1.0 이하","1. 올리고당함량(%) : 10 이상(이소말토올리고당)
2. 납(mg/kg) : 1.0 이하",,"에폭시수지, 폴리에틸렌(P.E)캡","음료, 유제품, 제과, 제빵, 아이스크림"
FG0007 : 올리고당,이소말토올리고 분말,GIN1230N,올리고당,식품용,올리고파우더/20KG/지대,2년,"184,160.00","136,680.00","154,760.00","㈜에치와이, 씨 에스 에프㈜, (주)서흥",울산 2공장 이소말토올리고당M200(수전분 → 액화 → 당화 → 진공여과 → 탈색여과 → 이온정제 → 농축) → 인천 1공장 이송 → 분무건조 → 저장 → 자석분리기 → 사별 → 지대포장 → 금속검출기 → 출하,https://raw.githubusercontent.com/k-jihee/images/main/GIN1230(%EC%98%AC%EB%A6%AC%EA%B3%A0%ED%8C%8C%EC%9A%B0%EB%8D%94)%EC%82%BC%EC%96%91%EC%82%AC_%ED%99%8D%EC%9D%B8.JPG,옥수수전분 100%,"옥수수 : 외국산(러시아, 헝가리, 세르비아 등)",,"고유의 색택을 가지고 이미, 이취가 없어야 한다. ","1. 수분(%) : 7.0 이하
2. 올리고당함량(%) : 14.0 이상(이소말토올리고당 무수물기준)
3. 포도당당량(D.E) : 25~30
4. pH(10%) : 4.5~7
5. 납(mg/kg) : 1.0 이하","1. 올리고당함량(%) : 10 이상(이소말토올리고당)
2. 납(mg/kg) : 1.0 이하",울산2공장(이소말토올리고당M200) 이체 후 분무,폴리에틸렌(P.E),
FG0007 : 올리고당,이소말토올리고 분말,GIN1230,올리고당,식품용,올리고파우더/20KG/지대,2년," 생산없음
(25년 신규코드) "," 생산없음
(25년 신규코드) "," 생산없음
(25년 신규코드) ",신규 코드,인천 1공장 이소말토올리고당M200 → 분무건조 → 저장 → 자석분리기 → 사별 → 지대포장 → 금속검출기 → 출하,https://raw.githubusercontent.com/k-jihee/images/main/GIN1230N(%EC%98%AC%EB%A6%AC%EA%B3%A0%ED%8C%8C%EC%9A%B0%EB%8D%94)%EC%82%BC%EC%96%91%EC%82%AC_%ED%99%8D%EC%9D%B8.JPG,옥수수전분 100%,"옥수수 : 외국산(미국, 브라질, 우크라이나 등)",,"고유의 색택을 가지고 이미, 이취가 없어야 한다. ","1. 수분(%) : 7.0 이하
2. 올리고당함량(%) : 14.0 이상(이소말토올리고당 무수물기준)
3. 포도당당량(D.E) : 25~30
4. pH(10%) : 4.5~7
5. 납(mg/kg) : 1.0 이하","1. 올리고당함량(%) : 10 이상(이소말토올리고당)
2. 납(mg/kg) : 1.0 이하",,폴리에틸렌(P.E),
FG0007 : 올리고당,갈락토,GIN1310,올리고당,식품용,썬올리고L500/T.L,2년,"178,770.00","118,800.00","113,040.00",매일유업㈜,유당 → 용해 → 당화 → 진공여과 → 탈색여과 → 이온정제 → 농축 → 저장 → 여과 → 포장 → 출하,한도견본 없음,유당 100%,미국산,"- 유당을 원료로 효소반응을 통해 제조한 올리고당
- 모유에 존재하는 올리고당(4galactosyllactose)을 함유하여 영유아용 제품에 적합","무색 투명한 액체로 이미, 이취 이물이 없어야 한다. ","1. 올리고당함량(%) : 1) 57.0이상(중국공전기준), 2) 50.0이상(식품공전기준)
2. 무수포도당함량(건조했을때) : 22.0 이하
3. Brix : 74~76
4. 이물 : 적합
5. Ash(%) : 0.1 이하
6. CV(30%) : 95 이상 
7. 납(mg/kg) : 1.0 이하","1. 올리고당함량(%) : 10 이상(갈락토올리고당)
2. 납(mg/kg) : 1.0 이하","* 올리고당함량 기준관련
1)번 중국공전시험방법(고객사 요청), 2)번 식품공전시험방법에 대한 기준으로 1)번 시험방법보다 2)번 시험방법 결과가 낮게 나옴 → 현재 1번만 시험을 하고 있고 2번은 시험성적서에 낮게 작성하고 있음 ",T/L,"음료, 유제품, 조제분유"
FG0007 : 올리고당,갈락토,GIN1311,올리고당,식품용,썬올리고L500/24KG/CAN,2년,"107,160.00","115,104.00","112,056.00","롯데푸드(주)-영등포, 롯데웰푸드㈜, 해태에이치티비㈜",유당 → 용해 → 당화 → 진공여과 → 탈색여과 → 이온정제 → 농축 → 저장 → 여과 → 포장 → 출하,https://raw.githubusercontent.com/k-jihee/images/main/GIN1311(%EC%8D%AC%EC%98%AC%EB%A6%AC%EA%B3%A0L500).JPG,유당 100%,미국산,"- 유당을 원료로 효소반응을 통해 제조한 올리고당
- 모유에 존재하는 올리고당(4galactosyllactose)을 함유하여 영유아용 제품에 적합","무색 투명한 액체로 이미, 이취 이물이 없어야 한다. ","1. 올리고당함량(%) : 1) 57.0이상(중국공전기준), 2) 50.0이상(식품공전기준)
2. 무수포도당함량(건조했을때) : 22.0 이하
3. 무수유당함량(건조했을때) : 23.0 이하
4. Brix : 74~76 / 수분(%) : 25 이하
5. 이물 : 적합
6. pH(30%) : 4.5~7
7. Ash(%) : 0.1 이하
8. CV(30%) : 95 이상 
9. 납(mg/kg) : 1.0 이하","1. 올리고당함량(%) : 10 이상(갈락토올리고당)
2. 납(mg/kg) : 1.0 이하","* 올리고당함량 기준관련
1)번 중국공전시험방법(고객사 요청), 2)번 식품공전시험방법에 대한 기준으로 1)번 시험방법보다 2)번 시험방법 결과가 낮게 나옴 → 현재 1번만 시험을 하고 있고 2번은 시험성적서에 낮게 작성하고 있음 ","에폭시수지, 폴리에틸렌(P.E)캡","음료, 유제품, 조제분유"
FG0007 : 올리고당,갈락토,GIN1312,올리고당,식품용,GOS57/25KG/CAN/수출,2년, 생산없음 , 생산없음 , 생산없음 ,생산이력 없음,유당 → 용해 → 당화 → 진공여과 → 탈색여과 → 이온정제 → 농축 → 저장 → 여과 → 포장 → 출하,한도견본 없음,유당 100%,미국산,"- 유당을 원료로 효소반응을 통해 제조한 올리고당
- 모유에 존재하는 올리고당(4galactosyllactose)을 함유하여 영유아용 제품에 적합","무색 투명한 액체로 이미, 이취 이물이 없어야 한다. ",,,,"에폭시수지, 폴리에틸렌(P.E)캡","음료, 유제품, 조제분유"
FG0007 : 올리고당,갈락토,GIN1314,올리고당,식품용,"썬올리고L500/1,300KG/IBC/수출",2년, 생산없음 , 생산없음 , 생산없음 ,생산이력 없음,유당 → 용해 → 당화 → 진공여과 → 탈색여과 → 이온정제 → 농축 → 저장 → 여과 → 포장 → 출하,한도견본 없음,유당 100%,미국산,"- 유당을 원료로 효소반응을 통해 제조한 올리고당
- 모유에 존재하는 올리고당(4galactosyllactose)을 함유하여 영유아용 제품에 적합","무색 투명한 액체로 이미, 이취 이물이 없어야 한다. ",,,,폴리에틸렌(P.E),"음료, 유제품, 조제분유"
FG0007 : 올리고당,갈락토,GIN1315,올리고당,식품용,"썬올리고L500/1,300KG/IBC/영문권",2년,"39,000.00","7,800.00","23,400.00",주식회사 제이케이뉴트라,유당 → 용해 → 당화 → 진공여과 → 탈색여과 → 이온정제 → 농축 → 저장 → 여과 → 포장 → 출하,,유당 100%,미국산,"- 유당을 원료로 효소반응을 통해 제조한 올리고당
- 모유에 존재하는 올리고당(4galactosyllactose)을 함유하여 영유아용 제품에 적합","무색 투명한 액체로 이미, 이취 이물이 없어야 한다. ","1. 올리고당함량(%) : 1) 57.0이상(중국공전기준), 2) 50.0이상(식품공전기준)
2. 무수포도당함량(건조했을때) : 22.0 이하
3. 무수유당함량(건조했을때) : 23.0 이하
4. Brix : 74~76 
5. 수분(%) : 25 이하
6. 이물 : 적합
7. pH(30%) : 4.5~7
8. Ash(%) : 0.1 이하
9. CV(30%) : 95 이상 
10. 납(mg/kg) : 1.0 이하",수출되는 나라의 규격을 확인하기,,폴리에틸렌(P.E),"음료, 유제품, 조제분유"
FG0007 : 올리고당,말토올리고,GIN1511,올리고당,식품용,말토올리고당 G4/24KG/CAN,2년,"152,304.00","112,656.00","130,296.00","농심켈로그㈜, 다온에프엔아이, (주)선일상사",수전분 → 액화 → 당화 → 진공여과 → 탈색여과 → 이온정제 → 농축 → 저장 → 여과 → 포장 → 출하,https://raw.githubusercontent.com/k-jihee/images/main/GIN1511(%EB%A7%90%ED%86%A0%EC%98%AC%EB%A6%AC%EA%B3%A0%EB%8B%B9%20G4).JPG,옥수수전분 100%,"옥수수 : 외국산(미국, 브라질, 우크라이나 등)","- 올리고당 중 당류 함량이 가장 낮음 (10% 미만)
- 바디감 부여, 시리얼바 결착력 증대
- 코팅성이 좋아 시리얼,견과류 코팅 가능",고유의 색택과 감미를 가지고 점조성이 있어야 한다.,"1. Brix : 70.0 이상
2. 올리고당함량(%) : 58.0 이상 (말토올리고당 고형분기준)
3. 당류(%) : 8.0 이하 
4. pH(10%) : 4.5~7
5. 납(mg/kg) : 1.0 이하","1. 올리고당함량(%) : 40 이상(말토말토올리고당)
2. 납(mg/kg) : 1.0 이하",,"에폭시수지, 폴리에틸렌(P.E)캡","음료, 유제품, 제과, 제빵, 당과, 냉동, 냉장 제품"
FG0007 : 올리고당,말토올리고,GIN1511N,올리고당,식품용,말토올리고당 G4/24KG/CAN,2년, 생산없음 , 생산없음 , 생산없음 ,생산이력 없음,수전분 → 액화 → 당화 → 진공여과 → 탈색여과 → 이온정제 → 농축 → 저장 → 여과 → 포장 → 출하,https://raw.githubusercontent.com/k-jihee/images/main/GIN1511N(%EB%A7%90%ED%86%A0%EC%98%AC%EB%A6%AC%EA%B3%A0%EB%8B%B9%20G4%2C24kg).JPG,옥수수전분 100%,"옥수수 : 외국산(러시아, 헝가리, 세르비아 등)","- 올리고당 중 당류 함량이 가장 낮음 (10% 미만)
- 바디감 부여, 시리얼바 결착력 증대
- 코팅성이 좋아 시리얼,견과류 코팅 가능",고유의 색택과 감미를 가지고 점조성이 있어야 한다.,"1. Brix : 70.0 이상
2. 올리고당함량(%) : 58.0 이상 (말토올리고당 고형분기준)
3. 당류(%) : 8.0 이하 
4. pH(10%) : 4.5~7
5. 납(mg/kg) : 1.0 이하","1. 올리고당함량(%) : 40 이상(말토말토올리고당)
2. 납(mg/kg) : 1.0 이하",,"에폭시수지, 폴리에틸렌(P.E)캡","음료, 유제품, 제과, 제빵, 당과, 냉동, 냉장 제품"
FG0007 : 올리고당,말토올리고,GIN1513,올리고당,식품용,"말토올리고당G4/1,000KG/IBC",2년, 생산없음 , 생산없음 ,"40,000.00",농심켈로그㈜,수전분 → 액화 → 당화 → 진공여과 → 탈색여과 → 이온정제 → 농축 → 저장 → 여과 → 포장 → 출하,https://raw.githubusercontent.com/k-jihee/images/main/GIN1513(%EB%A7%90%ED%86%A0%EC%98%AC%EB%A6%AC%EA%B3%A0%EB%8B%B9%20G4)1000kg%20%EC%82%BC%EC%96%91%EC%82%AC_%ED%99%8D%EC%9D%B8.JPG,옥수수전분 100%,"옥수수 : 외국산(미국, 브라질, 우크라이나 등)","- 올리고당 중 당류 함량이 가장 낮음 (10% 미만)
- 바디감 부여, 시리얼바 결착력 증대
- 코팅성이 좋아 시리얼,견과류 코팅 가능",고유의 색택과 감미를 가지고 점조성이 있어야 한다.,"1. Brix : 70.0 이상
2. 올리고당함량(%) : 58.0 이상 (말토올리고당 고형분기준)
3. pH(10%) : 4.5~7
4. 납(mg/kg) : 1.0 이하","1. 올리고당함량(%) : 40 이상(말토말토올리고당)
2. 납(mg/kg) : 1.0 이하",,폴리에틸렌(P.E),"음료, 유제품, 제과, 제빵, 당과, 냉동, 냉장 제품"
FG0007 : 올리고당,말토올리고,GIN1514,올리고당,식품용,"말토올리고당G4/1,200KG/IBC",2년," 생산없음
(25년 신규코드) "," 생산없음
(25년 신규코드) "," 생산없음
(25년 신규코드) ",농심켈로그㈜,수전분 → 액화 → 당화 → 진공여과 → 탈색여과 → 이온정제 → 농축 → 저장 → 여과 → 포장 → 출하,,옥수수전분 100%,"옥수수 : 외국산(미국, 브라질, 우크라이나 등)","- 올리고당 중 당류 함량이 가장 낮음 (10% 미만)
- 바디감 부여, 시리얼바 결착력 증대
- 코팅성이 좋아 시리얼,견과류 코팅 가능",고유의 색택과 감미를 가지고 점조성이 있어야 한다.,"1. Brix : 70.0 이상
2. 올리고당함량(%) : 58.0 이상 (말토올리고당 고형분기준)
3. pH(10%) : 4.5~7
4. 납(mg/kg) : 1.0 이하","1. 올리고당함량(%) : 40 이상(말토말토올리고당)
2. 납(mg/kg) : 1.0 이하",,폴리에틸렌(P.E),"음료, 유제품, 제과, 제빵, 당과, 냉동, 냉장 제품"
FG0008 : 식이섬유,폴리덱스트로스,GIP2022N,폴리덱스트로스,식품첨가물,폴리덱스트로스P/20KG/지대,없음,"819,820.00","378,180.00","283,980.00","노블상사, (주)이시푸드(E.C Food Co.,LTD), 롯데웰푸드(주)",울산 2공장 폴리덱스트로스-L(원료 → 반응 → 냉각 → 분쇄 → 용해 → 이온정제 → 농축) → 인천1공장 이송 → 분무건조 → 저장 → 자석분리기 → 사별 → 포장 → 금속검출기 → 출하,https://raw.githubusercontent.com/k-jihee/images/main/GIP2022N(%ED%8F%B4%EB%A6%AC%EB%8D%B1%EC%8A%A4%ED%8A%B8%EB%A1%9C%EC%8A%A4P).jpg,"분말결정포도당 88.3%, D-소르비톨 11.6%, 인산 0.1%","외국산 (러시아, 헝가리, 세르비아 등)
인산 : 국내산(OCI)",소비톨과 구연산 또는 인산을 가지는 D-글루코오스의 무작의 축중합체,백~엷은 갈색의 비결정분말로 물에 잘 녹는다.,"1. 확인시험 : 적합
2. 수분(%) : 4.0 이하
3. 강열잔류물 : 2.0% 이하
4. 함량 : 중합체 90.0% 이상
5. 소르비톨과 D-글루코로스의 합(%) : 6.0 이하
6. 레보글루코산(1, 6-안히드로-D-글루코오스)(%) : 4.0 이하
7. 액성(pH) : 4.0~7.0 (10% 기준)
8. 납 : 0.5mg/kg 이하 
9. 비소 : 4.0mg/kg 이하
10. 니켈 : 2.0mg/kg 이하
11. 5-히드록시메틸푸르푸랄(HMF)(%) : 0.05 이하
12. 분자량한도 : 적합","1. 함량 : 중합체 90.0% 이상
2. 확인시험 : 적합
3. 액성(pH) : 2.5 이상
4. 소르비톨과 D-글루코로스의 합(%) : 6.0 이하
5. 레보글루코산(1, 6-안히드로-D-글루코오스)(%) : 4.0 이하
6. 5-히드록시메틸푸르푸랄(HMF)(%) : 0.1 이하
7. 비소 : 4.0mg/kg 이하
8. 분자량한도 : 적합
9. 납 : 0.5mg/kg 이하 
10. 니켈 : 2.0mg/kg 이하
11. 강열잔류물 : 0.3% 이하
12. 수분(%) : 4.0 이하",,폴리에틸렌(P.E),"음료, 유제품, 주류, 제과(씨리얼, 쿠키등)"
FG0008 : 식이섬유,폴리덱스트로스,GIP2042N,폴리덱스트로스,식품첨가물,폴리덱스트로스P/20KG/지대/수출,없음,"151,200.00","230,660.00","140,280.00","MATSUDA SANGYO CO., LTD., SAMYANG CORP. TOKYO BRANCH, SMARC CHEMICALS TRADING CO., LTD.",울산 2공장 폴리덱스트로스-L(원료 → 반응 → 냉각 → 분쇄 → 용해 → 이온정제 → 농축) → 인천1공장 이송 → 분무건조 → 저장 → 자석분리기 → 사별 → 포장 → 금속검출기 → 출하,https://raw.githubusercontent.com/k-jihee/images/main/Fiberest%20Polydextrose%20MF.jpg,"분말결정포도당 88.3%, D-소르비톨 11.6%, 인산 0.1%","외국산 (러시아, 헝가리, 세르비아 등)
인산 : 국내산(OCI)",소비톨과 구연산 또는 인산을 가지는 D-글루코오스의 무작의 축중합체,백~엷은 갈색의 비결정분말로 물에 잘 녹는다.,,,,폴리에틸렌(P.E),
FG0008 : 식이섬유,NMD 액상,GIS2400N,물엿,건기식원료,물엿D/T.L,2년,"27,500.00", 생산없음 ,"411,960.00",건기식 원료,배소전분 → 용해 → 액화 → 당화 → 진공여과 → 탈색여과 → 이온정제 → 농축 → 저장,한도견본 없음,배소전분 100%,중국산,,,,,,T/L,
FG0008 : 식이섬유,NMD 분말,GIS2422N,건강기능식품,건기식,난소화성말토덱스트린/20KG/지대,2년,"235,320.00","109,100.00","486,980.00","(주)호수, (주)이시푸드(E.C Food Co.,LTD), 주식회사 수창",물엿D → 분리 → 이온정제 → 농축 → 분무건조 → 저장 →자석분리기 → 사별 → 지대포장 → 금속검출기 → 출하 ,https://raw.githubusercontent.com/k-jihee/images/main/GIS2422N(%ED%99%94%EC%9D%B4%EB%B2%84%EB%A6%AC%EC%8A%A4%ED%8A%B8%EB%B6%84%EB%A7%9020kg).jpg,난소화성말토덱스트린 100%,중국산,,,,,,폴리에틸렌(P.E),
FG0008 : 식이섬유,NMD 분말,GIS2423N,건강기능식품,건기식,FIDEX/20KG/지대/수출(메이지),2년,"160,540.00", 생산없음 ,"10,000.00","MEIJI FOOD MATERIA CO., LTD., MATSUDA SANGYO CO., LTD., SAMYANG CORP. TOKYO BRANCH",물엿D → 분리 → 이온정제 → 농축 → 분무건조 → 저장 →자석분리기 → 사별 → 지대포장 → 금속검출기 → 출하 ,https://raw.githubusercontent.com/k-jihee/images/main/Fiberest%20%EC%A7%80%EB%8C%80.jpg,난소화성말토덱스트린 100%,중국산,,,,,"건강기능식품용도가 아닌 식이섬유 함량 포함 원료로 사용
(국내 NMD랑 동일하게 생산하는 제품임)",폴리에틸렌(P.E),음료류 
FG0008 : 식이섬유,NMD 분말,GIS2424N,건강기능식품,건기식,"FIDEX/20KG/지대/수출(일본,메이지 이외)",2년, 생산없음 , 생산없음 , 생산없음 ,"MATSUDA SANGYO CO., LTD., DAISHIN CO., LTD., SAMYANG CORP. TOKYO BRANCH",물엿D → 분리 → 이온정제 → 농축 → 분무건조 → 저장 →자석분리기 → 사별 → 지대포장 → 금속검출기 → 출하 ,https://raw.githubusercontent.com/k-jihee/images/main/Fiberest%20%EC%A7%80%EB%8C%80.jpg,난소화성말토덱스트린 100%,중국산,,,,,,폴리에틸렌(P.E),
FG0008 : 식이섬유,NMD 분말,GIS2425N,건강기능식품,건기식,난소화성덱스트린/20KG/지대/수출(일본 이외 국가),2년, 생산없음 , 생산없음 , 생산없음 ,"K P MANISH GLOBAL INGREDIENTS, SHANGHAI SHINEROAD FOOD INGREDIENTS, MERCURY ENTERPRISE LIMITED",물엿D → 분리 → 이온정제 → 농축 → 분무건조 → 저장 →자석분리기 → 사별 → 지대포장 → 금속검출기 → 출하 ,https://raw.githubusercontent.com/k-jihee/images/main/Fiberest%20%EC%A7%80%EB%8C%80.jpg,난소화성말토덱스트린 100%,중국산,,,,,,폴리에틸렌(P.E),
FG0009 : 부산물,부산물,GIB1010,옥수수단백피,사료용,글루텐피드/BULK,1년,"50,809,350","48,602,990","49,264,430","(주)성원피드, (사)한국전분당협회, (주)동립산업",,한도견본 없음,옥수수 100%,"외국산(미국, 브라질, 우크라이나 등), 유전자변형",,,,,,BULK,사료원료용
FG0009 : 부산물,부산물,GIB1012,옥수수단백피,사료용,글루텐피드/BAG,1년,"6,170,830","4,601,040","5,164,280","재민실업㈜, (주)성원피드, 대상주식회사",,"https://raw.githubusercontent.com/k-jihee/images/main/GIB1012(%EA%B8%80%EB%A3%A8%ED%85%90%ED%94%BC%EB%93%9C%2C450kg).JPG, https://raw.githubusercontent.com/k-jihee/images/main/GIB1012(%EA%B8%80%EB%A3%A8%ED%85%90%ED%94%BC%EB%93%9C%2C600kg).JPG",옥수수 100%,"외국산(미국, 브라질, 우크라이나 등), 유전자변형",,,,,,폴리에틸렌(P.E),사료원료용
FG0009 : 부산물,부산물,GIB2013,옥수수글루텐,사료용,글루텐/BAG,1년,"9,575,690","10,031,090","10,806,640","(주)성원피드, (사)한국전분당협회, (주)동립산업",,https://raw.githubusercontent.com/k-jihee/images/main/GIB2013(%EA%B8%80%EB%A3%A8%ED%85%90)%EC%82%BC%EC%96%91%EC%82%AC.JPG,옥수수 100%,"외국산(미국, 브라질, 우크라이나 등), 유전자변형",,,,,,폴리에틸렌(P.E),사료원료용
FG0009 : 부산물,부산물,GIB3011,곡류가공품,식품용,배아/BAG,1년,"9,271,880","8,193,530","8,133,280","주식회사 유맥, (주)동서, 주식회사 진유원",옥수수 → 정선 → 침지 → 파쇄 → 배아분리 → 배아세척 → 착수 → 건조 → 사별 → 자석분리기 → 포장,https://github.com/k-jihee/images/blob/main/GIC3020(%EC%8D%AC-%EC%82%AC%EC%9D%B4%EC%A6%88).jpg,옥수수 100%,"외국산(미국, 브라질, 우크라이나 등), 유전자변형",,"고유의 색택을 가지고 이미, 이취가 없어야 한다. ","1. 수분(%) : 10 이하 
2. 조지방(%) : 42.0 이상
3. 이물 : 적합",,전량 2차 제조용 옥배유로 사용,폴리프로필렌(PP),식용유지원료용 옥수수배아
FG0009 : 부산물,부산물,GIB3030,곡류가공품,식품용,배아/BULK,1년,"7,404,390","6,226,040","7,343,960","주식회사 진유원, 주식회사 주영에프엔지, 주식회사 장앤진",옥수수 → 정선 → 침지 → 파쇄 → 배아분리 → 배아세척 → 착수 → 건조 → 사별 → 자석분리기 → 포장,한도견본 없음,옥수수 100%,"외국산(미국, 브라질, 우크라이나 등), 유전자변형",,"고유의 색택을 가지고 이미, 이취가 없어야 한다. ","1. 수분(%) : 10 이하 
2. 조지방(%) : 42.0 이상
3. 이물 : 적합",,전량 2차 제조용 옥배유로 사용,BULK,식용유지원료용 옥수수배아
FG0009 : 부산물,부산물,GIB4020,옥수수농후침지액,사료용,CSL/T.L,1년,생산없음,생산없음,생산없음,대상주식회사,,한도견본 없음,옥수수 100%,"외국산(미국, 브라질, 우크라이나 등), 유전자변형",2020년 2월 한번 생산,,,,,T/L,사료원료용
FG0009 : 부산물,부산물,GIB4021,옥수수농후침지액,사료용,CSL/20KG/CAN,1년,"86,140","98,500","112,400","정은상사, 대한상사, (주)경기화학약품상사",,https://raw.githubusercontent.com/k-jihee/images/main/GIB4021(CSL)%EC%82%BC%EC%96%91%EC%82%AC_%ED%99%8D%EC%9D%B8.JPG,옥수수 100%,"외국산(미국, 브라질, 우크라이나 등), 유전자변형",,,,,,"에폭시수지, 폴리에틸렌(P.E)캡",사료원료용
