2025년 7월,,,,,,,,,,,,,,,,,,,,,,,,,,,,,,,,,,,,,,
품   목,항   목,규  격,1,2,3,4,5,6,7,8,9,10,11,12,13,14,15,16,17,18,19,20,21,22,23,24,25,26,27,28,29,30,31,평균,최대값,최소값,표준편차,Cp
,,,화,수,목,금,토,일,월,화,수,목,금,토,일,월,화,수,목,금,토,일,월,화,수,목,금,토,일,월,화,수,목,,,,,
옥수수,산   지,,,미산,,미산,,,미산,,미산,,,,,미산,,미산,,미산,,,미산,,,,,,,미산,,미산,,,,,,
,모선명,,,PAN,,PAN,,,PAN,,ACRA,,,,,ACRA,,ACRA,,PAN,,,PAN,,,,,,,PAN,,PAN,,,,,,
,,,,BICORN,,BICORN,,,BICORN,,,,,,,,,,,BICORN,,,BICORN,,,,,,,BICORN,,BICORN,,,,,,
,수   분,15% ↓,,13.55 ,,13.18 ,,,13.51 ,,13.65 ,,,,,,,,,,,,,,,,,,,13.16,,13.33,,13.40 ,13.65 ,13.16 ,,
,용적중,(中)685g/I ↑,,,,,,,,,,,,,,13.79 ,,13.36,,13.29,,,13.52,,,,,,,,,,,13.49 ,13.79 ,13.29 ,,
,,(美)695g/l ↑,,715.8 ,,704.9 ,,,706.3 ,,705.5,,,,,710,,707.2 ,,709.5 ,,,704.1 ,,,,,,,701.6 ,,703.6 ,,706.85 ,715.80 ,701.60 ,,
,손상립,,,1.6 ,,1.7 ,,,2.2 ,,2.1 ,,,,,1.9 ,,1.5 ,,1.3 ,,,2.0 ,,,,,,,1.2 ,,1.2 ,,,2.20 ,1.20 ,,
,파쇄립,,,1.7 ,,1.8 ,,,1.1 ,,1.1 ,,,,,1.8 ,,1.6 ,,1.5 ,,,1.1 ,,,,,,,1.4 ,,1.3 ,,,1.80 ,1.10 ,,
,이물,1%이하,,0.1 ,,0.1 ,,,0.1 ,,0.1 ,,,,,0.1 ,,0.1 ,,0.1 ,,,0.1 ,,,,,,,0.1 ,,0.1 ,,0.10 ,0.10 ,0.10 ,,
,옥세분진,,,1.2 ,,1.2 ,,,1.1 ,,1.0 ,,,,,1.1 ,,1.1 ,,1.1 ,,,1.1 ,,,,,,,1.1 ,,1.1 ,,,1.20 ,1.00 ,,
,BCFM,,,4.6 ,,4.8 ,,,4.4 ,,4.3 ,,,,,4.9 ,,4.3 ,,4.0 ,,,4.3 ,,,,,,,3.8 ,,3.7 ,,,,,,
,전분가(%),모선변경시,,,,,,,,,68.1 ,,,,,,,,,,,,,,,,,,,,,,,,68.10 ,68.10 ,,
,조단백(%),,,,,,,,,,7.2 ,,,,,,,,,,,,,,,,,,,,,,,,7.20 ,7.20 ,,
,조지방(%),,,,,,,,,,3.0 ,,,,,,,,,,,,,,,,,,,,,,,,3.00 ,3.00 ,,
,조회분(%),,,,,,,,,,1.1 ,,,,,,,,,,,,,,,,,,,,,,,,1.10 ,1.10 ,,
,조섬유(%),,,,,,,,,,8.2 ,,,,,,,,,,,,,,,,,,,,,,,,8.20 ,8.20 ,,
,발아율(%),,,,,,,,,,,,,,,,,,,,,,,,,,,,,,,,,,0.00 ,0.00 ,,
,,,,,,,,,,,,,,,,,,,,,,,,,,,,,,,,,,,,,,
"◎  전분, 부산물 분석일보",,,,,,,,,,,,,,,,,,,,,,,,,,,,,,,,,,,,,,
수전분,ABS배출조단백,0.350% ↓,0.425 ,0.418 ,,,0.426 ,0.406 ,0.400 ,0.401 ,0.408 ,0.418 ,,,0.396 ,0.403 ,0.411 ,0.418 ,0.420 ,0.431 ,0.441 ,0.421 ,0.411 ,0.404 ,0.435 ,,,0.441 ,0.455 ,,0.461 ,0.443 ,0.453 ,0.42 ,0.461 ,0.396 ,,
,H/C전 조단백,0.350% ↓,0.512 ,0.499 ,중단,,0.512 ,0.503 ,0.527 ,0.547 ,0.533 ,0.522 ,중단,,0.501 ,0.512 ,0.521 ,0.499 ,0.531 ,0.544 ,0.565 ,0.531 ,0.506 ,0.501 ,0.521 ,중단,,0.512 ,0.524 ,_,0.535 ,0.521 ,0.534 ,0.52 ,0.57 ,0.50 ,,
,Grits,0.1% ↓,0.034 ,0.032 ,,,0.028 ,0.036 ,0.031 ,0.036 ,0.029 ,0.034 ,,,0.032 ,0.034 ,0.032 ,0.031 ,0.034 ,0.032 ,0.031 ,0.029 ,0.027 ,0.031 ,0.033 ,,,0.031 ,0.032 ,,0.034 ,0.032 ,0.034 ,0.03 ,0.04 ,0.03 ,,
,회  분,0.15% ↓,0.070 ,0.071 ,,,0.088 ,0.076 ,0.065 ,0.072 ,0.064 ,0.072 ,,,0.072 ,0.071 ,0.073 ,0.071 ,0.072 ,0.071 ,0.065 ,0.061 ,0.057 ,0.069 ,0.073 ,,,0.071 ,0.068 ,,0.071 ,0.068 ,0.071 ,0.07 ,0.09 ,0.06 ,,
"옥수수전분
(식품용-내수)",수  분,13% ↓,,,,,,,,,,,,,,,,,,,,9.20 ,,8.65 ,9.26 ,,,,,,,,,9.04 ,9.26 ,8.65 ,0.34 ,4.31 
,조단백,0.35%↓,,,,,,,,,,,,,,,,,,,,0.338 ,,0.349 ,0.339 ,,,,,,,,,0.34 ,0.349 ,0.338 ,,
,pH,4~7,,,,,,,,,,,,,,,,,,,,5.43 ,,5.44 ,5.35 ,,,,,,,,,5.41 ,5.44 ,5.35 ,,
,Grits,0.1% ↓,,,,,,,,,,,,,,,,,,,,0.021 ,,0.027 ,0.026 ,,,,,,,,,0.02 ,0.027 ,0.021 ,,
,회  분,0.15% ↓,,,,,,,,,,,,,,,,,,,,0.081 ,,0.066 ,0.068 ,,,,,,,,,0.07 ,0.081 ,0.066 ,,
,백 도,85 ↑,,,,,,,,,,,,,,,,,,,,91.1 ,,91.1 ,91.0 ,,,,,,,,,91.07 ,91.1 ,91.0 ,,
,SO2(ppm),,,,,,,,,,,,,,,,,,,,,3.20 ,,3.20 ,2.70 ,,,,,,,,,3.03 ,3.20 ,2.70 ,,
,잔류(ppm) - 키트법,,,,,,,,,,,,,,,,,,,,,0.0 ,,0.0 ,0.0 ,,,,,,,,,0.00 ,0.0 ,0.0 ,,
,잔류(ppm) - 비색법,,,,,,,,,,,,,,,,,,,,,,,,,,,,,,,,,#DIV/0!,0.00 ,0.00 ,,
"옥수수전분
(수출용)",수  분,13% ↓,,,,,,,,8.86 ,9.12 ,8.39 ,8.92 ,,,,,,9.72 ,,,,8.07 ,,,,,,,,,,,8.85 ,9.72 ,8.07 ,,
,조단백,0.35%↓,,,,,,,,0.331 ,0.329 ,0.342 ,0.34,,,,,,0.349,,,,0.340 ,,,,,,,,,,,0.34 ,0.35 ,0.33 ,,
,pH,4~7,,,,,,,,5.12 ,5.21 ,5.02 ,5.11,,,,,,5.39,,,,5.11 ,,,,,,,,,,,5.16 ,5.39 ,5.02 ,,
,Grits,0.1% ↓,,,,,,,,0.025 ,0.027 ,0.024 ,0.028,,,,,,0.026 ,,,,0.025 ,,,,,,,,,,,0.03 ,0.03 ,0.02 ,,
,회  분,0.15% ↓,,,,,,,,0.067 ,0.065 ,0.066 ,0.061 ,,,,,,0.068 ,,,,0.072 ,,,,,,,,,,,0.07 ,0.07 ,0.06 ,,
,백 도,85 ↑,,,,,,,,91.1 ,91.1 ,91.1 ,91.1 ,,,,,,91.1 ,,,,91.1 ,,,,,,,,,,,91.10 ,91.10 ,91.10 ,,
,SO2(ppm),,,,,,,,,3.20 ,3.20 ,3.20 ,3.2,,,,,,1.8,,,,3.20 ,,,,,,,,,,,2.97 ,3.20 ,1.80 ,,
,잔류(ppm) - 키트법,,,,,,,,,0.00 ,0.00 ,0.00 ,0.00 ,,,,,,0.00 ,,,,0.0 ,,,,,,,,,,,0.00 ,0.00 ,0.00 ,,
,잔류(ppm) - 비색법,,,,,,,,,,,,,,,,,,,,,,,,,,,,,,,,,#DIV/0!,0.00 ,0.00 ,,
"초산전분
(수출용)
(썬에이스)",수  분,13% ↓,,,,,,,,,,,,,,,,,,,,,,,,,,,,,,,,#DIV/0!,0.00 ,0.00 ,#DIV/0!,#DIV/0!
,조단백,0.35%↓,,,,,,,,,,,,,,,,,,,,,,,,,,,,,,,,#DIV/0!,0.000 ,0.000 ,,
,pH,3~9,,,,,,,,,,,,,,,,,,,,,,,,,,,,,,,,#DIV/0!,0.00 ,0.00 ,,
,회  분,0.8% ↓,,,,,,,,,,,,,,,,,,,,,,,,,,,,,,,,#DIV/0!,0.000 ,0.000 ,,
,SO2(ppm),,,,,,,,,,,,,,,,,,,,,,,,,,,,,,,,,#DIV/0!,0.00 ,0.00 ,,
,잔류(ppm),,,,,,,,,,,,,,,,,,,,,,,,,,,,,,,,,#DIV/0!,0.00 ,0.00 ,,
"초산전분
(썬에이스H)",수  분,15% ↓,,,,,8.37 ,9.14 ,,,,,,,,,,,,,,,,,,,,,,,,,,8.76 ,9.14 ,8.37 ,0.54 ,2.83 
,pH(20%),4~8,,,,,6.22 ,6.45 ,,,,,,,,,,,,,,,,,,,,,,,,,,6.34 ,6.450 ,6.220 ,,
,회  분,0.6% ↓,,,,,0.086 ,0.086 ,,,,,,,,,,,,,,,,,,,,,,,,,,0.09 ,0.09 ,0.09 ,,
,SO2(ppm),50 ↓,,,,,3.2 ,3.2 ,,,,,,,,,,,,,,,,,,,,,,,,,,3.20 ,3.200 ,3.200 ,,
"옥수수전분
(산업용)",수  분,13% ↓,10.58 ,9.61 ,,,11.40 ,8.34 ,10.23 ,10.33 ,11.56 ,10.68 ,9.97 ,,12.16,10.98,11.59 ,9.73 ,12.06,9.72 ,10.41 ,8.90 ,10.44,10.99 ,11.70 ,,,9.58 ,11.92 ,,11.79 ,11.89,10.10 ,10.67 ,12.16 ,8.34 ,1.04 ,1.50 
,조단백,0.35%↓,0.349 ,0.336 ,,,0.389 ,0.351 ,0.340 ,0.342 ,0.337 ,0.381 ,0.357 ,,0.363,0.345,0.344 ,0.331 ,0.355,0.337 ,0.354 ,0.349 ,0.355,0.350,0.359 ,,,0.347 ,0.356 ,,0.367 ,0.363,0.367 ,0.35 ,0.389 ,0.331 ,,
,"pH (GIC0041K)
한국, 삼화",6.0 ~ 7.0,6.63 ,6.29 ,,,,6.68 ,,,,,6.41 ,,,,,6.37 ,,6.64 ,,6.26 ,,,,,,6.34 ,,,,,,6.45 ,6.68 ,6.26 ,,
,"pH (GIC0041D)
대상",,,,,,,,,,,,,,,,,,,,,,,,,,,,,,,,,#DIV/0!,0.00 ,0.00 ,,
,"pH (GIC0041P)
한솔 외",4.0 ~ 7.0,,,,,4.68 ,,5.51 ,5.62 ,4.79 ,4.88 ,,,4.46 ,5.94 ,4.83,4.49 ,4.91 ,,4.58 ,,4.21 ,4.39 ,5.26 ,,,4.43 ,4.29 ,,4.31 ,4.92 ,4.45 ,4.79 ,5.94 ,4.21 ,,
,Grits,0.1% ↓,0.024 ,0.027 ,,,0.036 ,0.027 ,0.032 ,0.038 ,0.028 ,0.032 ,0.026 ,,0.028,0.027 ,0.029,0.024,0.027 ,0.029,0.027,0.026,0.023,0.034,0.028,,,0.026,0.025,,0.028,0.027,0.025 ,0.03 ,0.038 ,0.023 ,,
,회  분,0.15% ↓,0.072 ,0.065 ,,,0.077 ,0.079 ,0.077 ,0.081 ,0.062 ,0.075 ,0.071 ,,0.067,0.065 ,0.069,0.066 ,0.069 ,0.068,0.066 ,0.068 ,0.062,0.069,0.067,,,0.069,0.068,,0.064,0.072,0.069 ,0.07 ,0.081 ,0.062 ,,
,백 도,85 ↑,91.2 ,91.0 ,,,91.1 ,91.1 ,91.1 ,91.1 ,91.1 ,91.1 ,91.1 ,,91.1 ,91.2 ,91.0 ,91.1 ,91.1 ,91.2 ,91.1 ,91.1 ,91.1 ,91.1 ,91.1 ,,,91.0 ,91.0 ,,91.1 ,91.2 ,91.0 ,91.10 ,91.20 ,91.00 ,,
,잔류(ppm),,15.3 ,13.2 ,,,,,,,,,,,,,,,,,,,,,,,,,,,,,,14.25 ,15.30 ,13.20 ,,
,SO2(ppm),,,,,,12.8 ,9.6 ,9.6 ,12.8 ,9.6 ,12.8 ,12.9 ,,11.9 ,14.4 ,16.6 ,15.4 ,16.6 ,10.9,12.8,9.6,9.60 ,9.60 ,14.10 ,,,15.6 ,11.6,,13.9 ,16.6 ,12.50 ,12.69 ,16.60 ,9.60 ,,
"산화전분
(썬사이즈)",수  분,13% ↓,,11.43 ,12.24 ,,,10.98 ,12.17 ,,,,,,11.61,11.63,,,,,,11.39,,,10.85,,,,11.36,,11.5,,,11.52 ,12.24 ,10.85 ,0.44 ,1.62 
,"점  도
(cps)",8~12,,11.7 ,,,,10.0 ,10.6 ,,,,,,11.9 ,11.6 ,,,,,,10.4 ,,,,,,,11.4 ,,11.6 ,,,11.15 ,11.90 ,10.00 ,,
,,15~20,,,,,,,,,,,,,,,,,,,,,,,,,,,,,,,,#DIV/0!,0.00 ,0.00 ,,
,,18~22,,,20.4 ,,,,,,,,,,,,,,,,,,,,22.40 ,,,,,,,,,21.40 ,22.40 ,20.40 ,,
,,60~100,,,,,,,,,,,,,,,,,,,,,,,,,,,,,,,,#DIV/0!,0.000 ,0.000 ,,
,,"1,000~1,500",,,,,,,,,,,,,,,,,,,,,,,,,,,,,,,,#DIV/0!,0.000 ,0.000 ,,
,pH,6.5~7.5,,6.79 ,6.72 ,,,6.61 ,6.38 ,,,,,,6.72 ,6.93 ,,,,,,6.38 ,,,6.79 ,,,,6.64 ,,6.73 ,,,6.67 ,6.93 ,6.38 ,,
,회  분,1.5% ↓,,1.55 ,1.61 ,,,1.86 ,1.87 ,,,,,,1.61 ,1.69 ,,,,,,1.91 ,,,1.55 ,,,,1.63 ,,1.59 ,,,1.69 ,1.91 ,1.55 ,,
,,기포 Test,,,,,,,,,,,,,,,,,,,,,,,,,,,,,,,,,0.00 ,0.00 ,,
플라이스타,점도,"1,500 ↑",,,,,,,,2031,2233,2231,,,,,,2267,,,,,,,,2228,,,,,,2193,,2197.17 ,2267.00 ,2031.00 ,,
"양성전분
(썬캐스타)",수  분,15% ↓,11.44 ,,,12.31 ,11.62 ,12.26 ,,11.50 ,11.31 ,11.91 ,11.33,,,11.71 ,,,12.36 ,11.42 ,11.77 ,,11.56 ,11.54 ,11.89 ,11.89 ,11.60 ,,,11.89 ,12.44 ,11.97 ,11.62 ,11.78 ,12.44 ,11.31 ,0.34 ,3.62 
,pH(4%),5.0 ~ 7.0,5.96 ,,,5.82 ,5.19 ,5.41 ,,5.32 ,5.33 ,5.26 ,5.19 ,,,5.79 ,,,5.61 ,5.73 ,5.14 ,,5.39 ,5.41 ,5.84 ,5.88 ,5.71 ,,,5.79 ,5.58 ,5.91 ,5.72 ,5.57 ,5.96 ,5.14 ,,
,치환도,0.035~0.049,,,,,,,,,,,,,,0.042,,,,,,,,,,,,,,,,,,0.04 ,0.042,0.042,,
,,0.050~0.069,,,,0.061 ,0.051,0.053,,,,,,,,,,,0.061,0.059,0.053,,,,,,0.074,,,0.059 ,0.061 ,0.062,0.061,0.06 ,0.074,0.051,,
,,0.070~0.080,0.074,,,,,,,0.071 ,0.070 ,0.071 ,0.072 ,,,,,,,,,,0.070 ,0.072 ,0.076 ,0.076 ,,,,,,,,0.07 ,0.076,0.07,,
,"6060 점도(BU)
Point ""E""",900BU↑,,,,684 ,846,825,,,,,,,,,,,722 ,784 ,786 ,,,,,,,,,503 ,733 ,723 ,747,735.30 ,846,503,,
,"6080 점도(BU)
Point ""C""",4%,161,,,,,,,169,164,149,189,,,,,,,,,,179,694,643,633,643,,,,,,,362.40 ,694,149,,
,호화개시온도,,46.2 ,,,52.4,54.9,54.4,,45.9 ,46.0 ,47.9,45.8,,,,,,47.4 ,54.3 ,55.2 ,,45.2 ,47.1 ,46.2 ,45.6 ,46.7 ,,,46.8 ,54.5 ,54.3 ,56.0 ,49.64 ,56,45.2,,
"듀얼스타
(C6090)",수분,15% ↓,,11.44 ,11.97 ,,,,11.14 ,11.45 ,,,,,10.95,,12.78,11.9,,,,12.18,11.72,,,,,11.94,,,,,,11.75 ,12.78 ,10.95 ,0.53 ,1.28 
,pH(5%),7.0 ~ 9.0,,8.59 ,8.77 ,,,,8.72 ,8.46 ,,,,,8.41 ,,8.71 ,8.59 ,,,,8.46 ,8.41 ,,,,,8.66 ,,,,,,8.58 ,8.8 ,8.4 ,,
,치환도(%),0.7~0.08,,0.073 ,0.074 ,,,,0.071 ,0.071 ,,,,,0.074 ,,0.075,0.074 ,,,,0.070 ,0.071 ,,,,,0.074 ,,,,,,0.07 ,0.08 ,0.07 ,,
젠코트,수분,13% ↓,9.18 ,,,,10.45 ,9.99 ,,,,,,,,,,,,,10.71,,,,,,,,11.75,,,,,10.42 ,11.75 ,9.18 ,0.95 ,1.35 
,점도(95℃30분),250~350,250 ,,,,250 ,270 ,,,,,,,,,,,,,260 ,,,,,,,,250 ,,,,,256.00 ,270.0 ,250.0 ,,
,회분,2.0 ↓,2.11 ,,,,1.93 ,1.91 ,,,,,,,,,,,,,1.85 ,,,,,,,,2.19 ,,,,,2.00 ,2.19 ,1.85 ,,
,,,,,,,,,,,,,,,,,,,,,,,,,,,,,,,,,,,,,,
"썬슈퍼젤
(입도:오리온
이천)",수분,10% ↓,,3.12 ,3.13,3.29,3.24,3.37 ,3.23,4.08,3.23,3.18,,,2.84,3.41,3.50,4.29,3.56 ,4.11 ,4.49,3.68 ,3.28 ,3.64,,,,,,,,,,3.51 ,4.49 ,2.84 ,,
,입도  40# on,3 ↓,,0.1,0.1,0.1,0.1,0.1,0.1 ,0.1 ,0.1,0.1,,,0.1,0.1,0.1,0.1,0.1,0.1,0.1 ,0.1,0.1,0.1,,,,,,,,,,0.10 ,0.10 ,0.10 ,,
,          80# on,10 ~ 40,,12.5,11.5,13.2,17.8,16.2 ,18.6 ,16.7 ,18.4,16.4 ,,,12.3,13.3,12.4,13.2,12.6,13.2,16.9 ,19.5,17.5 ,18.8,,,,,,,,,,15.32 ,19.50 ,11.50 ,,
,          120# on,10 ~ 40,,17.5,21.0 ,18.3,19.5,14.9,15.1 ,17.4 ,11.8,20.8,,,18.5,18.7,19.2,17.5,19.6,19.1 ,21.2 ,11.6 ,19.2,15.6,,,,,,,,,,17.71 ,21.20 ,11.60 ,,
,pass,80 ↓,,69.9,67.4,68.4,62.6,68.8,66.2 ,65.8,69.7,62.7,,,69.1,67.9 ,68.3 ,69.2 ,67.7,67.6,61.8 ,68.8,63.2 ,65.5,,,,,,,,,,66.87 ,69.90 ,61.80 ,,
,팽화력,26 ↑,,29/31,28/30,30/33,30/31,30/29,30/30,30/31,29/29,30,,,30/32,29/32,30/33,29/32,30/32,29/31,30/30,31/31,30/31,03월 30일,,,,,,,,,,22888.00 ,45746.00 ,30.00 ,,
썬프리젤,수  분,10% ↓,,,,,,,,,,,,,,,,,,,,,,,,,3.18 ,3.46 ,3.53 ,,,,,3.39 ,3.53 ,3.18 ,0.19 ,12.27 
,입도(60#Thr),60% ↑,,,,,,,,,,,,,,,,,,,,,,,,,69.4 ,70.4 ,76.4,,,,,72.07 ,76.40 ,69.40 ,,
,백도(CJ영등포),90% ↓,,,,,,,,,,,,,,,,,,,,,,,,,,,,,,,,#DIV/0!,0.00 ,0.00 ,,
,이  물,"""zero""",,,,,,,,,,,,,,,,,,,,,,,,,무,무,무,,,,,,,,,
썬텐더H,수? 분,13% ↓,,,,,,,,,,,,,,,,,,,7.83 ,8.18 ,,,,,,,,,,,,8.01 ,8.18 ,7.83 ,,
,pH,5~7,,,,,,,,,,,,,,,,,,,6.18 ,6.31 ,,,,,,,,,,,,6.25 ,6.31 ,6.18 ,,
,점도(BU),200~300,,,,,,,,,,,,,,,,,,,193,239,,,,,,,,,,,,216.00 ,239.00 ,193.00 ,,
,회분,0.6 ↓,,,,,,,,,,,,,,,,,,,0.28,0.27,,,,,,,,,,,,0.28 ,0.28 ,0.27 ,,
"썬포스
썬포스200",수? 분,13% ↓,,,,,,,,,,,,,,,,,,,,,,,,,,,,,,,,#DIV/0!,0.00 ,0.00 ,,
,FOS함량,(썬포스)40 ↑,,,,,,,,,,,,,,,,,,,,,,,,,,,,,,,,#DIV/0!,0.00 ,0.00 ,,
,,(썬포스200)20 ↑,,,,,,,,,,,,,,,,,,,,,,,,,,,,,,,,#DIV/0!,0.00 ,0.00 ,,
글루텐피드,수  분,13% ↓,4.27 ,4.22 ,,,3.97 ,4.09 ,3.64 ,4.07 ,4.04 ,4.78 ,,,4.35 ,4.89 ,4.94 ,4.55 ,5.33 ,3.72 ,5.35 ,3.87 ,4.32 ,5.09 ,4.37 ,,,4.50 ,4.56 ,4.30 ,4.49 ,5.02 ,4.33 ,4.44 ,5.35 ,3.64 ,0.47 ,6.68 
,,,3.87 ,4.43 ,,,4.22 ,4.24 ,4.10 ,4.24 ,4.35 ,4.18 ,,5.15 ,4.55 ,5.36 ,5.87 ,4.15 ,5.01 ,4.21 ,4.74 ,4.87 ,5.01 ,4.69 ,5.10 ,,,4.71 ,4.40 ,4.66 ,4.55 ,4.74 ,4.05 ,4.59 ,5.87 ,3.87 ,,
,조단백,18% ↑,20.41 ,20.74 ,,,18.19 ,19.01 ,20.64 ,20.79 ,20.18 ,20.15 ,,,20.85 ,19.94 ,20.77 ,21.16 ,22.41 ,21.84 ,21.01 ,20.91 ,20.93 ,21.17 ,21.91 ,,,20.61 ,19.11 ,19.72 ,20.41 ,22.44 ,20.74 ,20.64 ,22.44 ,18.19 ,0.90 ,1.65 
,,,20.87 ,21.06 ,,,18.33 ,19.26 ,20.89 ,20.38 ,20.72 ,20.42 ,,20.17 ,20.41 ,20.71 ,20.34 ,20.54 ,21.82 ,21.52 ,20.86 ,20.78 ,20.62 ,21.30 ,21.45 ,,,19.82 ,19.92 ,19.33 ,19.73 ,21.87 ,21.26 ,20.55 ,21.87 ,18.33 ,,
,전분가(화),▽,17.5 ,,,,,,,,,,,,,21.12 ,,,,,,,,,,,,,,,19.02 ,,,19.21 ,21.12 ,17.50 ,,
글루텐,수  분,13% ↓,5.29 ,5.19 ,,,5.88 ,5.68 ,4.26 ,5.80 ,6.34 ,6.09 ,,,5.80 ,5.98 ,5.99 ,7.57 ,6.63 ,6.54 ,6.02 ,6.69 ,6.75 ,6.08 ,7.00 ,,,6.85 ,6.62 ,6.48 ,5.82 ,6.47 ,6.37 ,6.17 ,7.57 ,4.26 ,0.61 ,4.77 
,,,5.50 ,4.96 ,,,6.81 ,7.03 ,4.48 ,6.79 ,6.77 ,6.23 ,,5.80 ,5.76 ,6.01 ,6.20 ,6.29 ,6.44 ,6.37 ,6.57 ,6.25 ,6.32 ,6.31 ,6.44 ,,,6.40 ,6.31 ,6.67 ,6.36 ,5.98 ,6.50 ,6.21 ,7.03 ,4.48 ,,
,조단백,60% ↑,63.98 ,65.17 ,,,65.06 ,63.77 ,67.78 ,65.11 ,64.19 ,65.98 ,,,64.07 ,64.84 ,63.17 ,64.72 ,6.14 ,66.47 ,65.77 ,65.19 ,64.16 ,65.79 ,66.11 ,,,64.25 ,63.61 ,65.31 ,66.41 ,66.62 ,65.31 ,62.76 ,67.78 ,6.14 ,8.30 ,0.31 
,,,64.61 ,64.63 ,,,65.37 ,63.48 ,67.22 ,65.32 ,64.58 ,65.14 ,,63.61 ,63.52 ,64.17 ,64.25 ,64.00 ,65.47 ,66.27 ,65.32 ,65.48 ,64.40 ,65.36 ,65.42 ,,,65.06 ,64.22 ,64.79 ,65.36 ,65.79 ,65.82 ,64.95 ,67.22 ,63.48 ,,
,조지방,3% ↓,,,,,,,,,,,,,,,,,,,,,,,,,,,,,,,,#DIV/0!,0.00 ,0.00 ,,
,전분가(수),▽,39.1 ,,,,,,,,,,,,,38.75 ,,,,,,,,,,,,,,,38.85 ,,,38.90 ,39.10 ,38.75 ,,
배아,수  분,10% ↓,6.47 ,7.84 ,,,6.49 ,6.51 ,6.06 ,6.04 ,6.66 ,5.76 ,,,5.94 ,6.06 ,6.06 ,0.26 ,7.16 ,6.70 ,6.16 ,6.62 ,6.45 ,6.57 ,7.01 ,,,7.25 ,7.10 ,6.70 ,6.41 ,0.53 ,6.42 ,6.05 ,7.84 ,0.26 ,1.32 ,2.46 
,,,6.32 ,7.86 ,,,6.73 ,7.35 ,6.36 ,6.44 ,6.99 ,6.47 ,,7.35 ,5.81 ,6.57 ,6.73 ,7.54 ,6.75 ,6.45 ,6.53 ,6.40 ,6.71 ,7.42 ,6.56 ,,,6.86 ,6.71 ,6.51 ,5.93 ,6.05 ,5.49 ,6.65 ,7.86 ,5.49 ,,
,조지방,42% ↑,42.5 ,42.7 ,,,42.1 ,42.3 ,42.2 ,42.30 ,42.2 ,42.1 ,,,42.6 ,42.6 ,42.3 ,42.4 ,42.6 ,42.7 ,42.2 ,42.3 ,42.2 ,42.1 ,42.6 ,,,42.4 ,42.6 ,42.6 ,42.4 ,42.6 ,42.4 ,42.40 ,42.70 ,42.10 ,0.2 ,1.24 
,,,42.8 ,42.4 ,,,42.2 ,42.3 ,42.1 ,42.10 ,42.2 ,42.1 ,,42.4 ,42.3 ,42.5 ,42.5 ,42.6 ,42.3 ,42.4 ,42.3 ,42.3 ,42.3 ,42.3 ,42.4 ,,,42.6 ,42.5 ,42.3 ,42.7 ,42.5 ,42.6 ,42.38 ,42.80 ,42.10 ,,
,전분가(목),▽,20.11 ,,,,,,,,,,,,,18.85 ,,,,,,,,,,,,,,,22.12 ,,,20.36 ,22.12 ,18.85 ,,
,SO2(ppm) 리퍼법,-,31.1 ,30.5 ,,,35.2 ,32.0 ,38.4 ,35.2 ,32.0 ,35.2 ,,31.3 ,32.2 ,30.6 ,31.3 ,31.4 ,32.2 ,30.4 ,35.2 ,32.0 ,38.2 ,35.2 ,33.1 ,,,32.2 ,33.1 ,32.3 ,31.5 ,32.7 ,31.30 ,,,,,
C.S.L,전분가(금),▽,,,,,,,,,,,,,,,,,,,,,,,,,,,,,,,,#DIV/0!,0.00 ,0.00 ,,
,,,,,,,,,,,,,,,,,,,,,,,,,,,,,,,,,,,,,,
◎ 전분당 분석일보,,,,,,,,,,,,,,,,,,,,,,,,,,,,,,,,,,,,,,
,,,,,,,,,,,,,,,,,,,,,,,,,,,,,,,,,,,,,,
정제포도당,수  분,10% ↓,,,,,,,,,,,,,,,,,,,,9.24 ,9.16 ,8.51 ,8.96 ,8.26 ,8.48 ,8.73 ,8.65 ,8.17 ,8.40 ,8.16 ,,8.61 ,9.24 ,8.16 ,0.38 ,1.62 
,입도(20#on),2% ↓,,,,,,,,,,,,,,,,,,,,0.0 ,0.0 ,0.0 ,0.0 ,0.0 ,0.0 ,0.1 ,0.1 ,0.1 ,0.1 ,0.1 ,,0.04 ,0.12 ,0.00 ,,
,입도(50#on),-,,,,,,,,,,,,,,,,,,,,38.8 ,41.4 ,45.0 ,44.3 ,39.8 ,37.6 ,33.4 ,30.4 ,28.4 ,21.7 ,18.4 ,,34.47 ,45.00 ,18.36 ,,
,입도(50#pass),-,,,,,,,,,,,,,,,,,,,,61.2 ,58.6 ,55.0 ,55.7 ,60.2 ,62.4 ,66.5 ,69.5 ,71.6 ,78.18,81.52,,65.49 ,81.52 ,55.00 ,,
,이  물,500g용해,,,,,,,,,,,,,,,,,,,,적합,적합,적합,적합,적합,적합,적합,적합,적합,적합,적합,,,,,,
,"당함량
(HPLC)",DP1,,,,,,,,,,,,,,,,,,,,93.67 ,95.88 ,95.22 ,94.97 ,95.64 ,94.07 ,95.69 ,95.61 ,95.76 ,96.46 ,96.11 ,,95.37 ,96.46 ,93.67 ,,
,,DP2,,,,,,,,,,,,,,,,,,,,4.08 ,3.50 ,3.80 ,4.03 ,3.41 ,4.44 ,3.25 ,3.31 ,3.34 ,2.80 ,3.04 ,,3.55 ,4.44 ,2.80 ,,
,,DP3+,,,,,,,,,,,,,,,,,,,,0.89 ,0.62 ,0.98 ,1.01 ,0.95 ,0.64 ,1.06 ,1.08 ,0.90 ,0.74 ,0.85 ,,0.88 ,1.08 ,0.62 ,,
함수포도당,수  분,10% ↓,,,7.83 ,5.28 ,7.71 ,8.1 ,7.64 ,6.71,7.90 ,7.83 ,7.54 ,8.09 ,8.26 ,7.73 ,8.28 ,8.38 ,8.23 ,8.07 ,,,8.45 ,7.68 ,7.67 ,6.82 ,7.22 ,8.40 ,8.31 ,7.42 ,5.50 ,7.80 ,7.52 ,7.64 ,8.45 ,5.28 ,0.79 ,2.00 
,입도(20#on),2% ↓,,,0.28 ,0.1 ,0.1 ,0.1,0,0,0,24.6,0,0.0 ,0.0 ,0.14,0.0 ,0.0 ,0.0 ,0.0 ,,,0,0.0,0.0,0,0,0,0.0 ,0.0 ,0,0.4,0,0.95 ,24.60 ,0.00 ,,
,입도(50#pass),-,,,77.00 ,75.10,72.4,77.3,72.9,81.60 ,72.2,75.1 ,81.4,72.9 ,73.6 ,65.3,77.2,81.4 ,64.76,81.2 ,,,60.8 ,80.4 ,69.3 ,81.6,77.6,70.7 ,74.6 ,70.6 ,81.04,61.86,68.5,74.01 ,81.60 ,60.80 ,,
,이  물,쇳가루 유무,,,무,무,무,무,무,무,무,무,무,무,무,무,무,무,무,무,,,무,무,무,무,무,무,무,무,무,무,무,,,,,
,"당함량
(HPLC)",DP1,,,99.85 ,100.00 ,100.00 ,100.00 ,100.00 ,100.00 ,100.00 ,100.00 ,100.00 ,100.00 ,100.00 ,99.78 ,99.84 ,100.00 ,99.56 ,99.73 ,,,99.58 ,100.00 ,99.71 ,100.00 ,100.00 ,100.00 ,100.00 ,99.73 ,99.76 ,99.80 ,99.79 ,99.89 ,100.00 ,99.56 ,,
,,DP2,,,0.15 ,0.00 ,0.00 ,0.00 ,0.00 ,0.00 ,0.00 ,0.00 ,0.00 ,0.00 ,0.00 ,0.22 ,0.16 ,0.00 ,0.43 ,0.27 ,,,0.06 ,0.00 ,0.29 ,0.00 ,0.00 ,0.00 ,0.00 ,0.27 ,0.24 ,0.03 ,0.04 ,0.08 ,0.43 ,0.00 ,,
,,DP3+,,,0.00 ,0.00 ,0.00 ,0.00 ,0.00 ,0.00 ,0.00 ,0.00 ,0.00 ,0.00 ,0.00 ,0.00 ,0.00 ,0.00 ,0.00 ,0.00 ,,,0.37 ,0.00 ,0.00 ,0.00 ,0.00 ,0.00 ,0.00 ,0.00 ,0.00 ,0.17 ,0.17 ,0.03 ,0.37 ,0.00 ,,
무수포도당,수  분,0.5% ↓,0.55 / 0.56,0.68/0.66,0.60/0.57,0.57/0.62,0.74/0.84,0.41 ,0.62,0.46,0.54/0.59,0.97/1.01,0.50 ,0.55 ,0.52,0.30 / 0.20,0.23 ,,0.65/0.66,0.19/0.21,0.19 ,0.27 ,1.55 ,0.45 ,0.76,0.68 ,0.72,0.46 ,0.38 ,0.40 ,0.68,0.49 ,0.47,0.54 ,1.55 ,0.19 ,0.284,0.36 
,입도(60#on),-,48.2 ,22.74 ,62.73 ,47.78 ,44.7 ,46.5 ,24.9 ,42.40 ,23.60 ,18.7 ,38.90 ,31.9 ,31.4 ,22.74 ,23.0 ,,37.3 ,33.6 ,31.5 ,40.6 ,45.9 ,39.7 ,18.1 ,38.0 ,26.3 ,26.4 ,29.3 ,47.6 ,20.2 ,38.9 ,35.2 ,34.63 ,62.73 ,18.10 ,,
,이  물,쉿가루 유무,무,무 ,무,무,무,무,무,무,무,무,무,무,무,무,무,,무,무,무,무,무,무,무,무,무,무,무,무,무,무,무,,,,,
,"당함량
(HPLC)",DP1,99.61 ,98.89 ,99.50 ,99.00 ,99.51 ,99.62 ,99.44 ,99.52 ,99.53 ,99.50 ,99.39 ,99.60 ,99.60 ,99.40 ,99.57 ,,99.35 ,99.40 ,99.49 ,99.4,99.373,99.08 ,99.48 ,0.47 ,99.46 ,99.57 ,99.60 ,99.52 ,99.29 ,99.57 ,99.51 ,96.14 ,99.62 ,0.47 ,,
,,DP2,0.39 ,0.84 ,0.50 ,0.49 ,0.49 ,0.38 ,0.48 ,0.39 ,0.38 ,0.40 ,0.53 ,0.40 ,0.40 ,0.60 ,0.43 ,,0.65 ,0.60 ,0.51 ,0.60 ,0.04 ,0.92 ,0.41 ,99.53 ,0.54 ,0.43 ,0.40 ,0.48 ,0.39 ,0.03 ,0.44 ,3.77 ,99.53 ,0.03 ,,
,,DP3+,0.00 ,0.27 ,0.00 ,0.51 ,0.00 ,0.000 ,0.09 ,0.10 ,0.09 ,0.10 ,0.09 ,0.00 ,0.00 ,0.00 ,0.00 ,,0.00 ,0.00 ,0.00 ,0.00 ,0.59 ,0.00 ,0.11 ,0.00 ,0.00 ,0.00 ,0.00 ,0.00 ,0.31 ,0.39 ,0.04 ,0.09 ,0.59 ,0.00 ,,
"액상포도당
(G-60)",수  분,40% ↓,36.0 ,36.8 ,36.5 ,36.5 ,,,36.7 ,34.8 ,35.6 ,34.70 ,36.4 ,,,,37.1 ,36.7 ,36.9 ,37.5 ,,,36.5 ,,38.4 ,35.0 ,36.7 ,,,36.5 ,34.7 ,34.9 ,,36.25 ,38.40 ,34.70 ,1.0 ,1.75 
,DE,96 ↑,96.39 ,96.98 ,96.63 ,96.71 ,,,96.91 ,97.23 ,97.00 ,97.10 ,96.80 ,,,,97.28 ,96.34 ,95.98 ,96.62 ,,,97.24 ,,97.46 ,97.43 ,97.30 ,,,96.86 ,97.52 ,97.43 ,,96.96 ,97.52 ,95.98 ,,
,pH,4~7,6.36 ,5.78 ,5.75 ,5.80 ,,,6.34.,5.94 ,5.81 ,5.84 ,5.71 ,,,,6.33 ,6.14 ,6.16 ,6.20 ,,,4.58 ,,6.18 ,5.87 ,6.09 ,,,5.87 ,5.84 ,5.88 ,,5.90 ,6.36 ,4.58 ,,
,"당함량
(HPLC)",DP1,94.25 ,95.00 ,94.55 ,94.72 ,,,94.86 ,95.18 ,94.77 ,94.93 ,94.72 ,,,,95.01 ,93.83 ,93.29 ,94.23 ,,,95.24 ,,95.54 ,95.53 ,95.38 ,,,94.69 ,95.71 ,95.54 ,,94.85 ,95.71 ,93.29 ,,
,,DP2,3.89 ,3.66 ,3.80 ,3.65 ,,,3.82 ,3.86 ,4.18 ,4.11 ,3.82 ,,,,4.34 ,4.65 ,4.98 ,4.45 ,,,3.81 ,,3.60 ,3.54 ,3.57 ,,,4.00 ,3.38 ,3.53 ,,3.93 ,4.98 ,3.38 ,,
,,DP3+,1.86 ,1.34 ,1.65 ,1.63 ,,,1.33 ,0.96 ,1.04 ,0.96 ,1.46 ,,,,0.65 ,1.51 ,1.73 ,1.32 ,,,0.95 ,,0.86 ,0.93 ,1.05 ,,,1.31 ,0.91 ,0.93 ,,1.22 ,1.86 ,0.65 ,,
이온물엿,수분,18% ↓,,,,,,,,,,,,,,,,,,,,,,17.8 ,,,,,,,,,,17.80 ,17.80 ,17.80 ,#DIV/0!,#DIV/0!
,DE,40~44,,,,,,,,,,,,,,,,,,,,,,40.7 ,,,,,,,,,,40.70 ,40.70 ,40.70 ,,
,pH,4.5~7,,,,,,,,,,,,,,,,,,,,,,6.16 ,,,,,,,,,,6.16 ,6.16 ,6.16 ,,
아이스당,수분,25% ↓,,,,,,,,,,,,,23.6 ,24.0 ,,23.5 ,,,,,,,,,,,,,,,,23.70 ,24.00 ,23.50 ,0.3 ,1.89 
,DE,40~44,,,,,,,,,,,,,42.7 ,40.0 ,,42.3 ,,,,,,,,,,,,,,,,41.67 ,42.70 ,40.00 ,,
,pH,4.5~7,,,,,,,,,,,,,5.82 ,6.45 ,,6.47 ,,,,,,,,,,,,,,,,6.25 ,6.47 ,5.82 ,,
고감미물엿82,수분,18% ↓,17.5 ,17.7 ,17.1 ,,,17.6 ,17.9 ,17.60 ,18.0 ,18.0 ,17.7 ,,17.6 ,17.4 ,17.6 ,17.8 ,,,,17.5 ,,17.3 ,17.7 ,17.8 ,17.4 ,17.6 ,17.7 ,17.5 ,17.7 ,17.5 ,,17.62 ,18.00 ,17.10 ,0.2 ,1.41 
,DE,42~48,45.4 ,45.6 ,45.3 ,,,41.4 ,43.3 ,45.1 ,40.4 ,43.8 ,42.4 ,,43.1 ,41.2 ,43.4 ,41.4 ,,,,38.9 ,,41.5 ,43.5 ,41.3 ,42.1 ,42.7 ,44.9 ,43.4 ,42.8 ,44.4 ,,42.93 ,45.60 ,38.93 ,1.7 ,(2.66)
,pH,4.5~7,6.42 ,6.36 ,6.39 ,,,6.28 ,6.16 ,5.94 ,6.07 ,6.22 ,6.36 ,,5.79 ,6.47 ,6.49 ,6.39 ,,,,,,4.97 ,6.19 ,5.76 ,6.12 ,5.61 ,5.79 ,6.32 ,6.22 ,6.18 ,,6.11 ,6.49 ,4.97 ,,
"맥아물엿
맥아아이스당",수분,18% ↓,17.8 ,17.8 ,17.5 ,17.5 ,17.8 ,,17.90 ,17.6 ,17.5 ,17.6 ,,,,17.5 ,17.9 ,17.4 ,,17.7 ,,,,17.4 ,17.7 ,17.8 ,,,,17.9 ,,17.7 ,17.4 ,17.65 ,17.90 ,17.40 ,,
,,25% ↓,24.0 ,23.0 ,24.4 ,24.0 ,24.5 ,,24.20 ,23.80 ,22.9 ,24.0 ,24.1 ,,,24.2 ,24.1 ,23.7 ,23.5 ,24.0 ,24.1 ,,24.0 ,24.2 ,24.0 ,24.2 ,24.2 ,23.4 ,,23.9 ,22.8 ,23.9 ,24.2 ,23.90 ,24.50 ,22.80 ,,
,Mal.함량,50 ↑,60.08 ,62.10 ,61.37 ,60.96 ,53.20 ,,58.5 ,62.8 ,59.6 ,57.3 ,,,,58.67 ,58.79 ,56.91 ,,61.29 ,,,,59.2 ,56.8 ,62.9 ,,,,63.95 ,,61.82 ,62.12 ,59.91 ,63.95 ,53.20 ,2.7 ,(4.40)
,,55 ↑,56.88 ,59.47 ,60.83 ,62.62 ,62.08 ,,59.4 ,59.7 ,59.4 ,56.6 ,60.7 ,,,58.48 ,60.57 ,60.64 ,58.03 ,61.38 ,59.47 ,,58.3 ,61.5 ,61.1 ,64.2 ,63.3 ,61.0 ,,59.39 ,61.80 ,61.61 ,58.71 ,60.28 ,64.21 ,56.59 ,,
,pH,4.5~7,6.39 ,6.48 ,6.38 ,6.51 ,6.32 ,,6.38 ,4.96 ,6.18 ,6.01 ,6.30 ,,,6.35 ,6.45 ,6.52 ,6.61 ,6.54 ,6.21 ,,6.21 ,6.13 ,6.28 ,5.86 ,6.25 ,5.72 ,,6.22 ,6.03 ,6.30 ,6.44 ,6.23 ,6.61 ,4.96 ,,
썬하이말토스,Bx,82 ↑ / 75 ↑,,,,,,,,,,,,,,,,,,,,,,,,,24.3 ,23.5 ,,,,,,,,,,
,Mal.함량,70 ↑,,,,,,,,,,,,,,,,,,,,,,,,,71.5 ,74.0 ,,,,,,72.76 ,73.99 ,71.53 ,,
,pH,4.5~7,,,,,,,,,,,,,,,,,,,,,,,,,4.60 ,5.67 ,,,,,,5.14 ,5.67 ,4.60 ,,
저감미물엿,수분,30% ↓,,27.2 ,27.3 ,,,,,,,,26.9 ,,,,,,27.5 ,27.1 ,,,,,27.8 ,,,,,,,26.4 ,26.7 ,27.11 ,27.80 ,26.40 ,0.4 ,2.69 
,DE,20~24,,24.6 ,21.2 ,,,,,,,,20.6 ,,,,,,23.7 ,21.3 ,,,,,20.3 ,,,,,,,22.1 ,19.9 ,21.71 ,24.60 ,19.90 ,,
,pH,4.5~7,,6.24 ,6.45 ,,,,,,,,4.83 ,,,,,,6.55 ,6.60 ,,,,,6.16 ,,,,,,,6.30 ,6.56 ,6.21 ,6.60 ,4.83 ,,
제네덱스,수  분,10% ↓,,,,,,,,,5.57 ,,,5.58 ,5.73 ,4.56 ,,4.85 ,5.12 ,3.96 ,4.51 ,4.63 ,4.45 ,4.75 ,4.63 ,4.65 ,,,,,,,,4.85 ,5.73 ,3.96 ,0.52 ,3.90 
,DE,17~19.9,,,,,,,,,11.7 ,,,17.0 ,17.1 ,16.8 ,,18.1 ,17.3 ,17.1 ,16.7 ,16.5 ,16.4 ,16.5 ,17.1 ,16.8 ,,,,,,,,16.55 ,18.10 ,11.70 ,1.5 ,
,pH,4.5~7,,,,,,,,,5.98 ,,,5.39 ,5.79 ,6.14 ,,6.35 ,6.48 ,6.47 ,6.21 ,4.96 ,4.84 ,4.9 ,4.67 ,4.65 ,,,,,,,,5.60 ,6.48 ,4.65 ,0.7 ,
제네덱스12,수  분,10% ↓,,,,,,,5.33 ,5.66 ,,5.60 ,5.15 ,,,,,,,,,,,,,,,,,,,,,5.44 ,5.66 ,5.15 ,0.24 ,6.79 
,DE,10 ~ 14,,,,,,,11.5 ,12.0 ,,12.4 ,12.1 ,,,,,,,,,,,,,,,,,,,,,12.00 ,12.40 ,11.50 ,0.4 ,
,pH,4.5~7,,,,,,,4.82 ,5.94 ,,5.84 ,4.9 ,,,,,,,,,,,,,,,,,,,,,5.39 ,5.94 ,4.82 ,0.6 ,
"이소말토
올리고당",수분,25% ↓,,,24.9 ,24.8 ,24.0 ,,,,,,,24.2 ,,,,,,,24.4 ,,,,,,,,,,23.6 ,,,24.32 ,24.90 ,23.60 ,0.5 ,0.95 
,올리고당 함량,50 ↑,,,50.72 ,50.72 ,50.4 ,,,,,,,52.4 ,,,,,,,50.2 ,,,,,,,,,,50.35 ,,,50.80 ,52.40 ,50.17 ,0.8 ,0.98 
,pH,4.5~7,,,5.36 ,5.36 ,6.02 ,,,,,,,5.61 ,,,,,,,6.2 ,,,,,,,,,,5.56 ,,,5.69 ,6.21 ,5.36 ,0.4 ,
"올리고파우더
BUP
/
올리고파우더",수분,10%↓/  7%↓ ,1.89 ,,2.33 ,2.3 ,2.85 ,2.55 ,,,,,,,,,,,,,,,,,,,,,,,,,,2.39 ,2.85 ,1.89 ,0.4 ,21.91 
,올리고당 함량,14 ↑,,,26.96 ,27.0 ,31.05 ,,,,,,,,,,,,,,,,,,,,,,,,,,,28.32 ,31.05 ,26.96 ,2.4 ,(2.68)
,DE,25~30,33.4 ,,32.7 ,32.0 ,30.75 ,30.75 ,,,,,,,,,,,,,,,,,,,,,,,,,,31.92 ,33.40 ,30.75 ,,
,pH,4.5~7,5.71 ,,5.56 ,5.59 ,5.98 ,5.91 ,,,,,,,,,,,,,,,,,,,,,,,,,,5.75 ,5.98 ,5.56 ,0.2 ,
L500,수분,25% ↓,,,,,,,,,,,,,,23.80 ,,24.50 ,,,,,,,,,,,,,,,23.9 ,24.07 ,24.50 ,23.80 ,,
,올리고당 함량,57 ↑,,,,,,,,,,,,,,64.09 ,,65.09 ,,,,,,,,,,,,,,,57.3 ,62.17 ,65.09 ,57.33 ,,
,pH,4.5~7.0,,,,,,,,,,,,,,5.77 ,,5.84 ,,,,,,,,,,,,,,,5.3 ,5.63 ,5.84 ,5.27 ,,
"말토올리고당
G4",수분,30% ↓,,,,26.5 ,,,,,,,,,,,,,,,,,,,,,,,,,,,,26.50 ,26.50 ,26.50 ,,
,올리고당 함량,58 ↑,,,,60.56,,,,,,,,,,,,,,,,,,,,,,,,,,,,60.56 ,60.56 ,60.56 ,#DIV/0!,#DIV/0!
,pH,4.5~7,,,,4.73,,,,,,,,,,,,,,,,,,,,,,,,,,,,4.73 ,4.73 ,4.73 ,#DIV/0!,#DIV/0!
과당55,Bx,75% ↑,75.8 ,76.0 ,76.0 ,75.8 ,,,76.0 ,75.6 ,75.5 ,75.5 ,75.6 ,75.8 ,,75.5 ,76.3 ,76.2 ,75.7 ,75.9 ,76.3/76.1,,75.5 ,75.6 ,75.9 ,75.5 ,76.1 ,,75.7 ,75.4 ,76.4 ,,75.9 ,75.80 ,76.40 ,75.40 ,,#DIV/0!
,Oligo당,6% ↓,5.57 ,5.78 ,5.71 ,5.90 ,,,4.72 ,4.89 ,4.65 ,4.68 ,4.82 ,5.30 ,,5.78 ,5.27 ,6.63 ,6.23 ,5.91 ,6.05/5.68,,5.04 ,6.49 ,5.89 ,5.45 ,5.93 ,,5.10 ,5.96 ,5.66 ,,5.29 ,5.53 ,6.63 ,4.65 ,0.6 ,0.80 
,Coliform group,Negative,,,,,,,,,,,,,,,,,,,,,,,,,,,,,,,,,,,,
